"Tube_ID","Fire.Interval","Fire.Severity","Site","Transect","Location","Ortho_P_mg_kg","Nitrate_mg_kg","Ammonia_mg_kg","pH","log10_biomass_day","perc_myco_host_freq","C_N","C_P","N_P","Carb_Hyph","Nitrog_Hyph","Phos_Hyph","Longitude","Latitude","ITSall_OTUb_8077","ITSall_OTUa_5969","ITSall_OTUa_2413","ITSall_OTUa_13","ITSall_OTUa_2741","ITSall_OTUj_8414","ITSall_OTUc_1349","ITSall_OTUj_28185","ITSall_OTUa_151","ITSall_OTUa_1173","ITSall_OTUd_1875","ITSall_OTUj_1017","ITSall_OTUj_19960","ITSall_OTUd_3001","ITSall_OTUa_9472","ITSall_OTUa_1237","ITSall_OTUj_14242","ITSall_OTUa_6956","ITSall_OTUb_427","ITSall_OTUj_18564","ITSall_OTUb_49","ITSall_OTUb_2441","ITSall_OTUj_8801","ITSall_OTUj_1415","ITSall_OTUj_14066","ITSall_OTUa_255","ITSall_OTUj_2249","ITSall_OTUj_215","ITSall_OTUj_12319","ITSall_OTUj_12430","ITSall_OTUa_3114","ITSall_OTUj_8538","ITSall_OTUj_549","ITSall_OTUj_27906","ITSall_OTUj_20223","ITSall_OTUc_1019","ITSall_OTUn_8735","ITSall_OTUj_12577","ITSall_OTUj_28171","ITSall_OTUm_5129","ITSall_OTUa_306","ITSall_OTUb_8161","ITSall_OTUa_1907","ITSall_OTUj_10663","ITSall_OTUb_3024","ITSall_OTUj_14184","ITSall_OTUj_10443","ITSall_OTUa_586","ITSall_OTUa_1517","ITSall_OTUa_90","ITSall_OTUa_8584","ITSall_OTUe_2810","ITSall_OTUj_3346","ITSall_OTUc_407","ITSall_OTUj_119","ITSall_OTUn_12188","ITSall_OTUa_515","ITSall_OTUb_5056","ITSall_OTUf_540","ITSall_OTUa_3548","ITSall_OTUa_797","ITSall_OTUa_720","ITSall_OTUj_6306","ITSall_OTUm_8394","ITSall_OTUj_593","ITSall_OTUj_19366","ITSall_OTUj_11014","ITSall_OTUe_4361","ITSall_OTUa_9461","ITSall_OTUj_28125","ITSall_OTUm_1894","ITSall_OTUg_230","ITSall_OTUf_542","ITSall_OTUj_240","ITSall_OTUa_4352","ITSall_OTUb_26","ITSall_OTUb_7159","ITSall_OTUj_272","ITSall_OTUj_685","ITSall_OTUn_605","ITSall_OTUj_330","ITSall_OTUa_242","ITSall_OTUj_2527","ITSall_OTUm_6301","ITSall_OTUa_1016","ITSall_OTUj_175","ITSall_OTUa_8076","ITSall_OTUa_3174","ITSall_OTUj_65","ITSall_OTUj_931","ITSall_OTUm_1869","ITSall_OTUa_581","ITSall_OTUa_1255","ITSall_OTUj_8021","ITSall_OTUj_548","ITSall_OTUd_3965","ITSall_OTUj_26487","ITSall_OTUe_4441","ITSall_OTUa_762","ITSall_OTUj_644","ITSall_OTUj_286","ITSall_OTUj_26677","ITSall_OTUa_9626","ITSall_OTUa_9138","ITSall_OTUj_13635","ITSall_OTUj_17844","ITSall_OTUj_177","ITSall_OTUn_3643","ITSall_OTUm_14563","ITSall_OTUa_32","ITSall_OTUa_6712","ITSall_OTUj_9095","ITSall_OTUj_6757","ITSall_OTUj_28202","ITSall_OTUa_994","ITSall_OTUj_464","ITSall_OTUa_4555","ITSall_OTUm_386","ITSall_OTUn_12223","ITSall_OTUj_20919","ITSall_OTUj_362","ITSall_OTUj_14517","ITSall_OTUj_1545","ITSall_OTUm_39","ITSall_OTUa_2566","ITSall_OTUj_28458","ITSall_OTUa_2155","ITSall_OTUa_199","ITSall_OTUm_172","ITSall_OTUn_2565","ITSall_OTUj_11060","ITSall_OTUb_8759","ITSall_OTUb_3146","ITSall_OTUb_2058","ITSall_OTUc_2427","ITSall_OTUm_451","ITSall_OTUn_4434","ITSall_OTUa_7612","ITSall_OTUj_403","ITSall_OTUj_14951","ITSall_OTUj_1429","ITSall_OTUa_7420","ITSall_OTUm_26","ITSall_OTUm_139","ITSall_OTUm_140","ITSall_OTUa_114","ITSall_OTUm_355","ITSall_OTUj_5345","ITSall_OTUj_1470","ITSall_OTUm_12861","ITSall_OTUc_1846","ITSall_OTUj_1399","ITSall_OTUj_150","ITSall_OTUm_603","ITSall_OTUj_935","ITSall_OTUj_74","ITSall_OTUm_111","ITSall_OTUn_6179","ITSall_OTUn_316","ITSall_OTUn_4986","ITSall_OTUn_8748","ITSall_OTUn_8899","ITSall_OTUn_10605"
"73","Short","Low",5,1,3,0.0357446808510638,0.00932469935245144,0.00932469935245144,5.34,-2.01879098071506,0.691860465116279,14.1510453342791,3380.30660300233,238.873279192595,44.9728858095816,3.17806103699212,0.0133043806646526,150.27821,-33.5781,0,0,0,0,20,24,0,0,0,0,0,0,0,0,0,0,10,0,0,0,0,0,0,0,0,0,0,0,0,0,0,0,0,0,0,0,0,0,0,0,0,0,0,0,0,0,0,0,0,0,0,0,0,0,0,0,0,0,0,0,0,0,0,0,0,0,0,0,0,0,0,0,0,0,0,0,0,0,0,0,0,0,0,0,0,0,0,0,0,0,113,0,0,0,0,0,0,0,0,0,0,0,0,0,0,0,0,0,0,0,0,0,0,0,0,111,0,0,0,0,0,0,0,0,0,0,0,0,0,0,0,0,0,0,0,0,0,0,0,0,0,313,0,0,0,0,0,0,0,0,0,0,0,48,0,0,0,0,0,0,0,0,0
"93","Short","Low",5,1,16.1,0.00173749800287586,0.00611119987218406,0.0100655056718326,5.29,-2.17888351013428,0.691860465116279,14.1510453342791,3380.30660300233,238.873279192595,44.9728858095816,3.17806103699212,0.0133043806646526,150.27821,-33.5781,0,0,0,0,0,0,0,0,0,0,0,0,0,0,0,0,0,0,0,0,0,0,0,0,0,0,0,0,0,0,0,0,0,0,0,0,0,0,0,0,0,0,0,0,0,0,0,0,0,0,0,0,0,0,0,0,0,0,0,0,0,0,0,0,0,0,0,0,0,0,0,0,0,0,0,0,0,0,0,0,0,0,0,0,0,0,0,0,0,0,0,0,0,0,0,0,0,0,0,0,0,0,0,0,0,0,0,0,0,0,0,0,0,0,0,0,0,0,0,0,0,0,0,0,0,0,0,0,0,0,0,0,0,0,0,0,0,0,0,0,0,0,0,0,0,0,0,0,0,0,0,0,0,0,0,0,0,0,0,0,0,0,0
"94","Short","Low",5,1,16.2,0.031327967806841,0.0980885311871227,2.06846076458752,5.26,-1.59233254408945,0.691860465116279,14.1510453342791,3380.30660300233,238.873279192595,44.9728858095816,3.17806103699212,0.0133043806646526,150.27821,-33.5781,0,71,288,0,51,3877,153,0,0,42,15,0,0,0,160,0,1067,133,0,168,324,0,0,161,145,0,0,0,0,0,0,0,216,15,0,0,0,0,0,0,0,0,56,0,0,0,0,0,0,0,125,0,0,210,258,0,0,0,0,0,0,0,282,0,0,0,0,0,0,0,0,0,0,0,0,0,0,0,0,0,0,0,0,0,0,0,0,0,0,0,375,0,0,0,0,0,0,0,0,0,0,0,0,0,0,0,0,0,0,0,0,0,0,0,0,0,0,0,0,0,0,0,0,0,0,0,0,0,0,0,0,0,0,0,0,0,0,0,0,0,0,0,0,0,0,0,854,0,0,0,0,0,0,0,0,0,0,0,0,0,0,0,0
"91","Short","Low",5,1,47,0.0325539705545808,0.00961171714089557,0.00961171714089557,5.14,-1.60400297627591,0.691860465116279,14.1510453342791,3380.30660300233,238.873279192595,44.9728858095816,3.17806103699212,0.0133043806646526,150.27821,-33.5781,0,0,0,0,10,0,16,0,0,0,0,0,0,0,14,0,0,0,0,10,0,0,0,10,0,0,11,0,0,0,0,0,0,0,0,14,0,0,0,0,0,0,0,0,0,0,0,0,0,0,54,0,0,0,0,0,0,0,0,0,0,0,0,0,0,0,0,0,0,0,0,0,0,0,0,725,0,0,0,0,0,0,0,0,0,0,0,0,0,0,0,0,0,0,0,0,0,0,0,0,0,0,0,0,0,0,0,0,0,0,0,0,0,0,0,0,0,0,0,0,0,0,0,0,0,0,0,0,0,0,0,0,0,0,0,0,0,0,0,0,0,0,0,0,0,0,0,13,0,0,0,0,0,0,0,0,0,0,0,0,0,0,0
"80","Short","Low",5,2,3,0.0494167629411546,0.0669977266798345,0.681325233853837,5.23,-2.40661155574852,0.728155339805825,11.9443257163128,NA,NA,41.9787969811321,3.51453886792454,NA,150.27821,-33.5781,0,0,0,25,0,0,0,0,0,0,19,0,0,0,0,57,0,0,0,12,117,0,0,0,0,0,0,0,0,0,0,0,31,0,0,0,0,0,0,0,0,0,0,0,0,0,0,0,0,0,0,0,0,12,0,0,0,0,0,0,0,0,0,0,0,0,299,0,0,0,40,0,0,0,0,0,0,0,0,0,0,0,0,0,19,2564,0,0,0,0,0,0,0,0,0,0,0,0,0,0,0,0,0,0,0,0,0,0,0,0,0,0,0,0,0,0,0,0,0,0,0,0,0,0,0,0,0,0,0,0,0,0,0,0,0,0,0,0,0,0,0,0,0,0,0,0,0,0,0,0,0,0,0,0,0,0,505,0,0,0,0,0,15
"89","Short","Low",5,2,16,0.0638501394978079,0.00352730171383021,0.016141889198884,5.26,-2.37035552116231,0.728155339805825,11.9443257163128,NA,NA,41.9787969811321,3.51453886792454,NA,150.27821,-33.5781,0,0,0,0,0,0,0,0,0,0,0,0,0,0,0,0,0,0,0,0,0,0,0,0,0,0,0,0,0,0,0,0,0,0,0,0,0,0,0,0,0,0,0,0,0,0,0,0,0,0,0,0,0,0,0,0,0,0,0,0,0,0,0,0,0,0,0,0,0,0,0,0,0,0,0,0,0,0,0,0,0,0,0,0,0,0,0,0,0,0,0,0,0,0,0,0,0,0,0,0,0,0,0,0,0,0,0,0,0,0,0,0,0,0,0,0,0,0,0,0,0,0,0,0,0,0,0,0,0,0,0,0,0,0,0,0,0,0,0,0,0,0,0,0,0,0,0,0,0,0,0,0,0,0,0,0,0,0,0,0,0,0,0
"78","Short","Low",5,2,33,0.0352406679764244,0.0103143418467584,0.0959602161100196,5.68,-2.27781386844128,0.728155339805825,11.9443257163128,NA,NA,41.9787969811321,3.51453886792454,NA,150.27821,-33.5781,0,0,89,0,0,0,0,0,0,0,0,0,0,0,31,0,0,27,0,65,0,0,0,0,0,79,0,0,0,0,0,0,0,0,0,3798,0,0,0,0,0,0,0,64,10319,0,0,0,0,0,0,0,0,0,0,0,0,0,0,48,0,0,0,0,0,0,0,0,0,0,0,0,0,0,0,0,0,0,0,0,0,76,0,0,0,0,0,0,0,0,0,0,0,0,0,0,0,61,0,1644,0,0,0,0,0,0,0,0,0,0,0,0,0,0,0,0,0,0,0,0,0,0,0,0,0,0,0,0,0,0,0,0,0,0,0,0,0,0,0,0,0,0,0,0,0,0,0,0,0,0,0,0,0,0,0,0,0,0,0,0,0,0,0
"72","Short","Low",5,2,47,0.0358243860954608,0.0734559370681407,0.00818539385563942,5.47,-2.09351730554643,0.728155339805825,11.9443257163128,NA,NA,41.9787969811321,3.51453886792454,NA,150.27821,-33.5781,127,0,0,0,0,342,0,0,0,21,0,0,0,0,0,0,59,0,0,0,530,0,0,72,26,0,0,0,0,0,0,0,19,0,0,0,0,0,0,0,0,0,0,71,0,0,0,0,0,0,139,0,0,133,0,0,0,0,0,0,0,0,0,0,0,0,0,0,0,0,0,0,0,0,0,0,0,0,0,0,0,0,18,0,0,0,0,0,0,0,0,0,0,0,0,0,0,0,0,0,0,0,0,0,0,0,0,0,0,0,0,0,0,0,0,0,0,0,0,0,0,0,0,0,0,0,0,0,0,0,0,0,0,0,0,0,0,0,0,0,0,0,0,0,0,0,0,0,0,0,0,0,0,0,0,0,0,0,0,0,0,0,0
"38","Long","Low",7,1,3,0.068695652173913,0.0243478260869565,1.92528985507246,4.83,-2.34842566495298,0.652542372881356,14.9112509570638,6342.35095421046,425.33996459941,48.1413645619758,3.22852621155638,0.00759046052631579,150.36966,-33.63916,0,0,0,14,0,0,0,0,0,0,0,0,0,0,19,0,0,0,0,0,0,0,0,0,0,0,10,0,0,0,0,0,0,0,0,0,0,0,0,0,0,27473,0,0,0,0,0,103,143,0,0,0,0,0,0,0,0,0,0,0,0,0,0,0,0,0,0,0,0,0,0,0,0,0,0,0,0,0,0,0,0,0,0,0,0,0,10879,0,0,0,0,0,0,0,0,0,0,0,150,0,0,0,0,0,0,0,0,0,0,0,0,0,0,0,0,0,0,0,0,0,0,0,0,0,0,0,0,0,0,0,0,0,0,0,0,0,0,0,0,0,0,0,0,0,0,0,0,0,0,0,0,0,0,0,0,0,0,0,0,0,0,0,0
"27","Long","Low",7,1,16,0.0535915053091818,0.00787008119925047,0.0697298563397876,5.35,-2.48995309476216,0.652542372881356,14.9112509570638,6342.35095421046,425.33996459941,48.1413645619758,3.22852621155638,0.00759046052631579,150.36966,-33.63916,0,0,0,0,0,0,0,0,0,0,0,0,0,0,0,0,0,0,0,0,0,0,0,0,0,0,0,0,0,0,0,0,0,0,0,0,0,0,0,0,0,0,0,0,0,0,0,0,0,0,3266,0,0,0,0,0,0,0,0,0,0,0,0,0,0,0,0,0,0,0,0,0,0,0,0,0,0,0,0,0,0,0,0,0,0,0,0,0,0,0,0,0,0,0,0,0,0,0,0,0,0,0,0,0,0,0,0,0,0,0,0,0,0,0,0,0,0,0,0,0,0,0,0,0,0,0,0,0,0,0,0,0,0,0,0,0,0,0,0,0,0,0,0,0,0,0,0,0,0,0,0,0,0,0,0,0,0,0,0,0,0,0,0
"13","Long","Low",7,1,33,0.00376437783199721,0.00878354827466016,0.446314046706169,5.18,-1.56076694202777,0.652542372881356,14.9112509570638,6342.35095421046,425.33996459941,48.1413645619758,3.22852621155638,0.00759046052631579,150.36966,-33.63916,0,0,69,0,14,0,27,0,0,0,0,0,0,0,57,0,0,28,0,0,33,0,0,12,0,0,17,0,0,0,0,0,15,0,0,0,0,0,0,0,0,0,0,0,0,0,0,0,0,0,0,0,0,0,0,0,0,0,0,0,0,0,0,0,0,0,0,0,0,0,0,0,0,0,0,0,0,0,0,0,0,0,28,0,0,0,0,0,0,0,0,0,0,0,0,0,0,0,0,0,0,0,0,0,0,0,0,0,0,0,0,0,0,0,0,0,0,0,0,13,0,0,0,0,0,0,0,0,0,0,0,0,0,0,0,0,0,0,0,0,0,0,0,0,0,0,0,0,0,0,0,0,0,0,0,0,0,0,0,0,0,0,0
"37","Long","Low",7,1,47,0.0462812960235641,0.0185567010309278,0.51389911634757,4.79,-2.59270472742921,0.652542372881356,14.9112509570638,6342.35095421046,425.33996459941,48.1413645619758,3.22852621155638,0.00759046052631579,150.36966,-33.63916,0,0,0,0,0,0,0,0,0,0,0,0,0,0,0,0,0,0,0,0,0,0,0,0,0,0,0,0,0,0,0,0,0,0,0,0,0,0,0,0,0,0,0,0,0,0,0,0,0,0,0,0,0,0,0,0,0,0,0,0,0,0,0,0,0,0,0,0,0,0,0,0,0,0,0,0,0,0,0,0,0,0,0,0,0,0,0,0,0,0,0,0,0,0,0,0,0,0,0,0,0,0,0,0,0,0,0,0,0,0,0,0,0,0,0,0,0,0,0,0,0,0,0,0,0,0,0,0,0,0,0,0,0,0,0,0,0,0,0,0,0,0,0,0,0,0,0,0,0,0,0,0,0,0,0,0,0,0,0,0,0,0,0
"77","Long","Low",7,2,3,0.0290107287667301,0.00939215615917327,0.00904230507014963,5.22,-1.47733545891853,0.609442060085837,12.4560105495288,1824.49750684879,146.475269878268,45.4854156928949,3.65168410158543,0.0249303797468354,150.36966,-33.63916,0,0,0,0,0,0,0,0,0,0,0,0,0,0,0,0,0,0,0,0,0,0,0,0,0,0,0,0,0,0,0,0,0,0,0,0,0,0,0,0,0,0,0,0,0,0,0,0,0,0,0,0,0,0,0,0,0,0,0,0,0,0,0,0,0,0,0,0,0,0,0,0,0,0,0,0,0,0,0,0,0,0,0,0,0,0,0,0,0,0,0,0,0,0,0,0,0,0,0,0,0,0,0,0,0,0,0,0,0,0,0,0,0,0,0,0,0,0,0,0,0,0,0,0,0,0,0,0,0,0,0,0,0,0,0,0,0,0,0,0,0,0,0,0,0,0,0,0,0,0,0,0,0,0,0,0,0,0,0,0,0,0,0
"52","Long","Low",7,2,16,0.00403135498320269,0.0129619260918253,0.0354423292273236,5.37,-1.81656451387541,0.609442060085837,12.4560105495288,1824.49750684879,146.475269878268,45.4854156928949,3.65168410158543,0.0249303797468354,150.36966,-33.63916,0,0,141,0,12,23,0,0,0,0,0,0,0,0,0,0,0,34,0,10,0,0,0,0,0,0,0,0,0,0,0,0,0,0,0,0,0,0,0,0,0,0,0,0,0,0,0,0,0,0,0,0,0,0,0,0,0,0,0,0,0,0,0,0,0,0,0,0,0,0,0,0,0,0,0,0,0,0,0,0,0,0,0,0,0,0,0,0,0,0,0,0,0,0,0,0,0,0,0,0,0,0,0,0,124,0,0,0,0,0,0,0,0,0,0,0,0,0,0,0,0,0,0,0,0,0,0,0,0,0,0,0,0,0,0,0,0,0,0,0,0,0,0,0,0,0,0,0,0,0,0,0,0,0,0,0,0,0,0,0,0,0,0
"44","Long","Low",7,2,33,0.0314576076417568,0.0807178511150214,0.141828563220455,5.25,-2.69930797021427,0.609442060085837,12.4560105495288,1824.49750684879,146.475269878268,45.4854156928949,3.65168410158543,0.0249303797468354,150.36966,-33.63916,0,0,11,113,0,0,0,0,0,0,89,0,0,0,0,0,0,0,0,0,0,0,0,0,0,0,0,0,0,0,0,0,0,0,0,0,0,0,0,0,0,0,0,0,0,0,0,0,0,0,0,0,0,0,0,0,0,0,0,0,0,0,0,590,0,0,0,0,0,0,0,0,0,0,0,0,0,0,0,0,0,0,1969,0,0,0,0,0,0,0,0,0,0,0,0,0,0,0,12,0,0,0,0,0,0,0,0,0,0,0,0,0,0,0,0,0,0,0,0,0,0,0,0,0,0,0,0,0,0,0,0,0,0,0,0,0,0,0,0,0,0,0,104,559,0,0,0,0,0,0,0,0,0,0,0,0,0,0,0,0,0,0,0
"79","Long","Low",7,2,47,0.11118357307893,0.0967615711410897,0.830383096072147,5.45,-1.67124002711182,0.609442060085837,12.4560105495288,1824.49750684879,146.475269878268,45.4854156928949,3.65168410158543,0.0249303797468354,150.36966,-33.63916,0,0,0,5655,12,0,0,0,0,0,0,0,0,0,0,0,0,0,10,0,3422,0,0,0,0,0,0,0,0,0,0,0,0,0,0,0,0,0,0,0,0,0,10,0,11,0,0,0,0,0,0,0,0,0,0,0,0,0,0,0,0,0,0,0,0,0,0,0,0,0,13987,0,0,0,0,0,0,0,0,0,0,0,0,0,3200,1192,0,0,0,0,0,0,0,0,0,0,0,0,0,0,0,0,0,0,0,0,0,0,0,0,0,0,0,0,0,0,0,0,0,0,13168,12,0,0,0,0,0,0,0,0,0,0,0,0,0,0,0,0,0,0,0,0,0,0,0,0,0,0,0,0,0,0,0,0,0,58,0,0,0,0,0,0,0
"65","Long","Low",8,1,3,0.0441261966590442,0.019621332506492,0.00999961241812333,5.35,-2.08141511636098,0.715151515151515,17.4826592901475,1134.28318152932,64.8804717122502,45.300884198895,2.59118955801105,0.0399378964059197,150.32069,-33.65039,0,0,58,4601,0,120,0,0,0,25,0,0,0,0,10,0,0,16,0,55,13501,0,0,112,0,0,29,0,0,0,0,0,44,0,0,0,0,71857,0,0,0,0,0,19,0,0,0,0,0,0,0,0,0,16,0,0,0,0,0,0,0,0,0,0,0,0,0,0,0,0,0,0,0,0,0,0,0,0,0,0,0,0,0,0,0,0,0,0,86,0,0,0,0,11,0,0,0,0,0,0,0,0,443,0,0,0,0,0,0,0,0,0,0,0,0,0,0,0,0,0,0,0,0,0,0,0,0,0,0,0,0,0,0,0,0,0,0,0,6542,18,0,0,0,109,0,0,0,0,0,0,0,0,19,0,4354,0,0,0,0,0,0,0,0
"70","Long","Low",8,1,16,0.0611877624475105,0.0649557588482303,1.76792141571686,5.49,-2.21656662186072,0.715151515151515,17.4826592901475,1134.28318152932,64.8804717122502,45.300884198895,2.59118955801105,0.0399378964059197,150.32069,-33.65039,0,0,0,0,0,0,0,0,0,0,0,0,0,0,0,0,0,0,50,0,0,0,0,0,0,0,0,0,0,0,0,0,0,0,0,0,0,0,0,0,0,0,0,0,0,0,0,0,0,0,114122,0,0,0,0,0,0,0,0,0,0,0,0,0,0,0,0,0,0,0,0,0,0,0,0,87,0,0,0,0,0,0,0,0,0,0,0,0,0,0,0,0,0,0,0,0,0,0,0,0,0,0,0,0,0,0,0,0,75,0,0,0,0,0,0,0,0,0,0,0,0,0,0,0,0,0,0,0,0,0,0,0,0,0,0,0,0,0,0,0,0,0,0,0,0,0,0,0,0,0,0,0,0,0,0,0,0,0,0,0,0,0,0
"55","Long","Low",8,1,33,0.0315994516990116,0.00909025322848279,0.00909025322848279,5.48,-1.92581378573315,0.715151515151515,17.4826592901475,1134.28318152932,64.8804717122502,45.300884198895,2.59118955801105,0.0399378964059197,150.32069,-33.65039,0,0,0,0,14,15,18,0,0,0,0,0,0,0,145,0,0,0,0,0,0,0,0,0,0,0,0,0,0,0,0,0,0,0,0,0,0,0,0,0,0,0,116,0,0,0,15,0,0,0,0,0,0,0,0,0,0,0,0,0,0,0,0,0,0,0,0,0,0,0,0,0,0,0,0,0,0,0,0,0,0,0,0,0,0,30,0,0,0,0,0,0,0,0,0,0,0,0,0,0,0,0,0,0,0,0,0,0,0,0,0,0,0,0,0,0,0,0,0,0,0,0,0,0,0,0,0,0,0,0,0,0,0,0,0,0,0,0,0,0,0,0,0,0,0,0,0,0,0,0,0,0,0,0,0,0,0,0,0,0,0,0,0
"63","Long","Low",8,1,47,0.056768065136266,0.00949903878774172,0.00949903878774172,5.51,-1.87491220739215,0.715151515151515,17.4826592901475,1134.28318152932,64.8804717122502,45.300884198895,2.59118955801105,0.0399378964059197,150.32069,-33.65039,62,0,0,0,0,0,0,0,0,0,0,0,0,0,0,0,0,0,0,0,778,0,0,0,0,0,0,0,0,0,0,0,0,0,0,0,0,0,0,0,0,0,0,0,0,0,0,0,0,0,0,0,0,0,0,0,0,0,0,12,0,0,0,0,0,0,0,0,0,0,0,0,0,0,0,0,0,0,0,0,0,0,0,0,0,0,0,0,0,0,0,0,0,0,0,0,0,0,0,0,0,0,0,0,0,0,0,0,0,0,0,0,0,0,0,0,0,0,0,0,0,0,0,0,0,0,0,0,0,0,0,0,0,0,0,0,0,0,0,0,0,0,0,0,0,0,0,0,0,0,0,0,0,0,0,0,0,0,0,0,0,0,0
"64","Long","Low",8,2,3,0.0633191100274307,0.0192014629686071,0.401573453215483,5.25,-2.37581759013276,0.769230769230769,9.78002361237615,NA,NA,46.1368429946524,4.71745721925134,NA,150.32069,-33.65039,24,0,0,0,18,0,63,0,0,0,0,0,0,0,122,0,0,0,0,32,56,0,49,0,0,0,0,0,0,0,0,0,0,0,0,0,0,0,0,0,0,0,0,0,0,0,0,0,0,0,525,0,0,74,23,0,0,0,0,0,0,0,0,0,0,0,0,0,0,0,0,0,0,0,0,0,0,0,0,0,0,0,0,0,0,0,0,53,1111,0,0,0,0,0,0,0,0,0,0,0,0,0,0,0,0,0,0,0,0,0,0,0,0,0,0,0,0,0,0,0,0,0,0,0,0,0,0,0,0,0,0,0,0,0,0,0,0,0,0,0,0,0,0,0,0,0,0,0,0,0,0,0,0,0,0,0,0,0,0,0,0,0,0
"56","Long","Low",8,2,16,0.0284869757990024,0.0086181415111768,0.480703861075189,5.21,-2.1672806545655,0.769230769230769,9.78002361237615,NA,NA,46.1368429946524,4.71745721925134,NA,150.32069,-33.65039,0,0,0,0,0,0,0,0,0,0,0,0,0,0,0,0,0,0,25,26,0,0,0,173,0,0,0,0,0,0,0,0,0,0,0,0,0,1303,0,0,0,0,0,0,0,0,0,0,0,0,35497,0,0,0,0,0,0,0,0,0,0,0,0,0,0,0,0,0,0,0,0,0,0,0,0,0,0,0,0,0,0,0,0,0,0,0,0,0,0,0,0,0,0,0,0,0,0,0,0,0,0,0,0,0,0,0,0,0,0,0,0,0,0,0,0,0,0,0,0,0,0,0,0,0,0,0,0,0,0,0,0,0,0,0,0,0,0,0,0,0,0,0,0,0,0,0,0,0,0,0,0,0,0,0,0,0,0,0,0,0,0,0,0
"62","Long","Low",8,2,33,0.0313311688311688,0.00227272727272727,0.00909090909090909,5.17,-2.17390570020488,0.769230769230769,9.78002361237615,NA,NA,46.1368429946524,4.71745721925134,NA,150.32069,-33.65039,0,0,0,0,0,0,0,0,0,0,0,0,0,0,0,0,0,0,0,0,64,0,0,0,0,0,0,0,0,0,0,0,0,0,0,0,0,14,0,0,0,0,0,0,629,0,0,0,0,0,0,0,0,0,0,0,0,0,0,0,0,0,0,0,0,0,0,0,0,0,0,0,0,0,0,0,0,0,0,0,0,0,0,0,0,0,0,0,0,0,0,0,0,0,0,0,0,0,0,0,0,0,0,0,0,0,0,0,0,0,0,0,0,0,0,0,0,0,0,0,0,0,0,0,0,0,0,0,0,0,0,0,0,0,0,0,0,0,0,0,0,0,0,0,0,0,0,0,0,0,0,0,1327,0,0,0,0,0,0,0,0,0,0
"71","Long","Low",8,2,47,0.0530502978659226,0.0190030917728678,0.366431641655984,5.25,-2.84351312025231,0.769230769230769,9.78002361237615,NA,NA,46.1368429946524,4.71745721925134,NA,150.32069,-33.65039,0,0,0,0,0,0,0,0,0,0,0,0,0,0,0,0,0,0,0,0,0,0,0,0,0,0,0,0,0,0,0,0,0,0,0,0,0,0,0,0,0,0,0,0,0,0,0,0,0,0,0,0,0,0,0,0,0,0,0,0,0,0,0,0,0,0,0,0,0,0,0,0,0,0,0,0,0,0,0,0,0,0,0,0,0,0,0,0,0,0,0,0,0,0,0,0,0,0,0,0,0,0,0,0,0,0,0,0,0,0,0,0,0,0,0,0,0,0,0,0,0,0,0,0,0,0,0,0,0,0,0,0,0,0,0,0,0,0,0,0,0,0,0,0,0,0,0,0,0,0,0,0,0,0,0,0,0,0,0,0,0,0,0
"43","Short","High",10,1,3,0.0287490855888808,0.00921726408193124,0.198856986100951,5.17,-2.50246746054908,0.726027397260274,12.4465071598774,NA,NA,44.9555159462617,3.61189813084112,NA,150.40622,-33.48607,15,0,0,2891,10,0,0,0,0,0,0,0,0,0,0,0,0,0,0,0,0,0,0,57,0,0,0,0,0,0,0,0,0,0,0,0,0,0,0,0,0,0,0,0,0,0,0,0,0,0,0,0,0,0,0,22,0,0,0,0,0,0,0,0,0,0,0,0,0,0,0,0,0,0,0,0,0,0,0,0,0,0,0,0,0,0,0,0,0,0,0,0,0,0,0,0,0,0,0,0,0,0,0,0,0,0,0,0,0,0,0,0,0,0,0,0,0,0,0,0,0,0,0,0,0,0,0,0,0,0,0,0,0,0,0,0,0,0,0,0,0,0,67,0,0,0,0,0,0,0,0,0,0,0,0,0,0,0,0,0,0,41,0
"40","Short","High",10,1,16,0.0378458133530063,0.0778218369605312,0.578559572113611,5.27,-2.17648254517771,0.726027397260274,12.4465071598774,NA,NA,44.9555159462617,3.61189813084112,NA,150.40622,-33.48607,0,0,0,0,0,0,0,0,0,0,0,0,0,0,11,0,0,0,0,0,0,0,0,0,0,0,0,0,0,0,0,0,0,0,0,0,0,0,0,0,0,0,0,50,0,0,0,0,0,0,0,0,0,0,0,0,0,0,0,0,0,0,0,0,0,0,0,0,0,0,0,0,0,0,0,10,0,0,0,0,0,0,0,0,0,0,0,0,0,0,0,0,0,0,16,0,0,0,0,0,0,0,0,0,0,0,0,0,0,0,0,0,0,0,0,0,0,0,0,0,0,0,0,0,0,0,0,0,0,0,0,0,0,0,0,0,0,0,0,0,0,0,0,0,0,0,0,0,0,0,0,0,0,0,0,0,0,0,0,0,0,0,0
"41","Short","High",10,1,33,0.0321257258268114,0.029916687705125,0.0162837667255743,4.89,-2.20678147303419,0.726027397260274,12.4465071598774,NA,NA,44.9555159462617,3.61189813084112,NA,150.40622,-33.48607,0,0,0,3638,41,0,18,0,0,0,0,0,0,0,0,0,0,0,0,53,12,0,0,0,0,15,0,0,18,0,0,0,0,0,0,0,0,0,0,0,0,0,0,10,0,0,0,0,0,0,10,0,0,0,0,0,0,0,196,0,70,0,0,0,0,0,0,0,0,0,0,0,0,0,0,0,0,0,0,0,0,0,0,0,2008,1099,0,0,0,0,0,0,0,0,0,0,0,0,19,0,0,0,0,0,0,0,0,0,0,0,0,0,0,0,0,427,0,0,0,0,0,0,0,0,0,0,0,0,0,0,0,0,0,0,0,0,0,0,0,0,0,0,0,0,0,0,0,0,0,0,0,0,0,0,0,0,0,0,0,0,0,0,0
"42","Short","High",10,1,47,0.0309497206703911,0.00756983240223464,0.00533519553072626,5.42,-2.3802018141923,0.726027397260274,12.4465071598774,NA,NA,44.9555159462617,3.61189813084112,NA,150.40622,-33.48607,34,0,0,0,0,0,0,0,0,0,0,0,0,0,0,0,0,0,0,0,0,0,0,0,0,0,0,0,0,0,0,0,0,0,0,0,0,0,0,0,0,0,0,0,0,0,0,0,0,0,0,0,0,0,0,0,0,0,0,0,0,0,0,0,0,0,0,0,0,0,0,0,0,0,0,0,0,0,0,0,0,0,0,0,0,0,0,0,0,0,0,0,0,0,0,0,0,0,68,0,0,0,0,0,0,0,0,0,0,0,0,0,0,0,0,0,0,0,0,0,0,0,0,0,0,0,0,0,0,0,0,0,0,0,0,0,0,0,0,0,0,101,0,0,0,0,0,0,0,0,0,0,0,0,0,0,0,0,0,0,0,0,0
"86","Short","High",10,2,3,0.0315755325667736,0.00908337238222254,0.0625563205132826,4.77,-2.22002304456085,0.740932642487047,13.3261566467637,2231.99430639567,167.489724573942,48.5355832892999,3.64212912813739,0.0217453884851873,150.40622,-33.48607,0,0,0,700,0,19,0,0,0,0,0,0,0,0,0,0,0,0,0,0,0,1412,0,0,0,0,0,0,0,0,0,0,0,0,0,0,0,0,0,261,0,0,0,0,0,0,0,0,0,0,0,0,0,0,0,0,0,0,0,0,0,0,0,59,0,0,0,0,0,0,0,0,0,0,0,0,0,0,0,0,0,0,0,0,0,0,0,0,0,0,0,0,0,0,0,0,0,0,0,3631,0,0,0,0,0,0,0,0,0,0,0,0,0,0,0,0,0,0,0,0,0,0,0,0,0,26,0,0,0,0,0,0,0,0,0,0,0,0,0,0,0,0,0,0,11,0,0,0,0,0,0,0,0,0,0,0,0,0,0,0,0,0,0
"74","Short","High",10,2,16,0.0217839008628342,0.128093597983169,0.332670525157121,5.23,-2.05878932298015,0.740932642487047,13.3261566467637,2231.99430639567,167.489724573942,48.5355832892999,3.64212912813739,0.0217453884851873,150.40622,-33.48607,0,0,66,3684,60,110,0,0,0,12,29,0,0,0,0,0,0,20,0,141,0,0,0,0,0,0,0,0,0,0,0,0,0,0,0,0,0,0,0,0,0,0,0,0,0,0,0,0,0,0,0,0,0,14,0,0,0,0,0,0,0,0,0,0,0,0,0,0,0,0,0,0,0,0,0,0,0,0,0,0,0,0,0,0,2084,0,0,0,0,0,0,0,0,0,0,0,0,0,0,0,0,0,0,0,0,0,0,0,0,0,0,0,0,0,0,82,0,0,0,0,0,0,0,0,0,0,0,0,0,0,0,0,0,0,0,0,0,0,0,0,0,0,0,0,0,0,0,0,0,0,0,0,0,0,0,0,0,0,0,0,0,0,0
"83","Short","High",10,2,33,0.0371756031682301,0.0321385553162755,0.438579041500894,5.42,-1.74613408356093,0.740932642487047,13.3261566467637,2231.99430639567,167.489724573942,48.5355832892999,3.64212912813739,0.0217453884851873,150.40622,-33.48607,0,0,0,0,0,169,0,0,0,0,0,0,0,0,0,0,0,0,0,0,0,0,0,0,0,0,0,0,15,0,0,0,0,0,0,0,0,0,0,0,0,0,0,22,0,0,0,0,0,0,0,0,0,0,0,0,0,0,0,0,0,0,0,0,0,0,0,0,0,0,0,0,0,0,0,0,0,0,0,0,0,0,32,0,0,0,0,0,0,0,0,0,0,0,0,0,0,0,0,0,0,0,0,0,0,0,0,0,0,0,0,0,0,0,0,118,0,0,0,0,0,0,0,0,0,0,0,0,0,0,0,0,0,0,0,0,0,0,0,0,0,0,0,0,0,0,0,0,0,0,0,0,0,0,0,0,0,0,0,0,0,0,0
"92","Short","High",10,2,47,0.0589241476937596,0.00990916597853014,0.220744367111006,5.31,-2.34262216740975,0.740932642487047,13.3261566467637,2231.99430639567,167.489724573942,48.5355832892999,3.64212912813739,0.0217453884851873,150.40622,-33.48607,0,0,0,0,0,39,0,0,0,38,0,0,0,0,0,0,0,0,0,19,0,0,0,0,0,0,0,0,0,0,0,0,0,14,0,0,0,0,0,0,0,0,0,0,0,0,0,0,0,0,79,0,0,0,0,0,0,0,0,0,0,0,0,0,0,0,0,31276,0,0,0,0,0,0,0,90,0,0,0,0,0,0,0,0,0,0,0,0,0,0,0,0,0,0,0,0,0,0,0,0,0,0,0,0,0,0,0,0,0,0,0,0,0,0,0,0,0,0,0,0,0,0,0,0,0,0,0,0,0,0,0,0,0,0,0,0,0,0,0,0,0,0,0,0,0,0,0,0,0,0,0,0,0,0,0,0,0,35,0,0,0,0,0
"90","Short","High",11,1,3,0.0378779668364582,0.00566272894765363,0.00910371735125176,5.23,-1.52577721768883,0.73125,11.7081452593049,17072486.239556,1458171.71391753,49.1687603699212,4.19953453608248,2.88e-06,150.35631,-33.51962,0,0,0,41,43,0,21,0,0,0,63,0,0,0,0,0,0,0,0,0,69,0,0,67,0,0,0,0,0,0,0,0,0,0,0,0,0,0,0,0,0,0,0,0,0,0,0,0,0,0,43564,0,0,12,0,0,11,0,0,0,0,0,0,0,0,0,0,0,0,0,0,0,0,0,0,0,0,0,0,0,0,0,0,0,53,0,0,0,0,0,0,0,0,0,0,0,0,0,0,0,50,0,0,0,0,0,0,0,0,0,0,0,0,0,0,0,0,0,0,0,0,0,0,0,0,0,0,0,0,0,0,0,0,0,0,0,0,0,0,0,0,0,0,0,0,0,0,0,0,0,0,0,0,0,0,0,0,0,0,0,0,0,0
"88","Short","High",11,1,16,0.019586845377919,0.0174105292248169,0.174623462760813,5.09,-1.90784910637668,0.73125,11.7081452593049,17072486.239556,1458171.71391753,49.1687603699212,4.19953453608248,2.88e-06,150.35631,-33.51962,0,0,0,11,0,0,0,0,0,0,239,0,0,0,0,0,0,0,0,0,0,0,0,0,0,0,0,0,0,0,0,0,0,0,0,0,0,0,0,0,0,0,0,0,0,0,0,0,0,0,0,0,0,0,0,0,0,0,0,0,0,0,0,0,0,0,0,0,0,0,0,0,0,0,0,0,0,0,0,0,0,0,230,0,0,0,0,0,0,0,0,0,0,0,0,0,0,0,0,0,0,0,0,0,0,0,0,0,0,0,0,0,0,0,0,0,0,0,0,0,0,0,0,0,0,0,0,0,0,0,0,0,0,0,0,0,0,0,0,0,0,0,0,0,0,0,0,0,0,0,0,0,0,0,0,0,0,0,0,0,0,0,0
"82","Short","High",11,1,33,0.0350456875417874,0.00415088032092712,0.0969188767550702,5.01,-2.40035159477805,0.73125,11.7081452593049,17072486.239556,1458171.71391753,49.1687603699212,4.19953453608248,2.88e-06,150.35631,-33.51962,0,0,0,0,0,0,0,0,0,0,0,0,0,0,0,0,0,0,0,0,0,0,0,11,0,0,0,0,0,0,0,0,0,0,0,0,0,0,0,0,0,0,0,0,0,0,0,0,0,0,0,0,0,0,0,0,0,0,0,0,0,0,0,0,0,0,0,0,0,0,0,0,0,0,0,0,0,0,0,0,0,0,683,0,0,0,0,0,0,0,0,0,0,0,0,0,0,0,0,0,0,0,0,0,0,0,0,0,0,0,0,0,0,0,0,0,0,0,0,0,0,0,0,0,0,0,0,0,0,0,0,0,0,0,0,0,0,0,0,0,0,0,0,59,0,0,0,0,0,0,0,0,0,0,0,0,0,0,0,0,0,0,0
"76","Short","High",11,1,47,0.0135301575801485,0.00912878101793154,0.00260822314798044,5.21,-2.4294684432469,0.73125,11.7081452593049,17072486.239556,1458171.71391753,49.1687603699212,4.19953453608248,2.88e-06,150.35631,-33.51962,0,0,0,17,0,0,0,0,0,0,0,0,0,0,0,0,0,0,0,0,100,0,0,0,0,0,0,0,0,0,0,0,0,0,0,0,0,0,0,0,0,0,0,0,0,0,0,0,0,0,0,0,0,0,10489,0,0,0,0,0,0,0,0,0,0,0,0,0,0,0,0,0,0,0,0,0,0,0,0,0,0,0,0,0,0,0,0,0,0,0,0,0,0,0,0,0,0,0,0,0,381,0,0,0,0,0,0,0,0,0,0,0,0,0,0,0,0,0,0,0,0,0,0,0,0,0,0,0,0,0,0,0,0,0,0,0,0,0,0,0,0,0,0,0,0,0,0,0,0,0,0,0,0,0,0,0,0,0,0,0,0,0,0
"95","Short","High",11,2,3,0.0312551678518274,0.0104183892839424,0.0404022655862411,5.04,-1.97826822858606,0.66044776119403,13.4713907741128,NA,NA,41.3928002268977,3.07264490511551,NA,150.35631,-33.51962,0,0,12,12,135,0,217,0,0,0,0,0,0,0,40,0,0,0,0,0,0,0,0,0,0,0,0,0,0,0,0,0,0,0,0,0,0,0,0,0,0,0,0,0,0,0,27,0,0,0,0,0,0,0,0,0,0,0,0,0,0,0,0,0,0,0,0,0,0,0,0,0,0,0,0,0,0,0,0,0,0,0,49,0,0,0,0,0,0,0,0,0,0,0,0,0,0,0,0,0,0,0,0,0,0,0,0,0,0,0,0,0,0,0,0,0,0,0,0,0,0,0,0,0,0,0,0,0,0,0,0,0,0,0,0,0,0,0,63,0,0,0,0,0,0,0,0,0,0,0,0,0,0,0,0,0,0,0,0,0,0,0,0
"87","Short","High",11,2,16,0.00757368995633188,0.17127797489083,0.037049672489083,5.59,-1.90183561988397,0.66044776119403,13.4713907741128,NA,NA,41.3928002268977,3.07264490511551,NA,150.35631,-33.51962,0,0,0,0,15,0,36,0,0,0,0,0,0,0,0,0,0,0,0,0,0,0,0,0,0,0,0,0,0,0,0,0,0,0,0,0,0,0,0,0,0,0,0,0,0,0,0,0,0,0,0,0,0,32,0,0,0,0,0,0,0,0,0,0,0,0,0,1533,0,0,0,0,0,0,0,0,0,0,0,0,0,0,0,0,0,0,0,0,0,0,0,15,0,0,0,0,0,0,0,0,0,0,0,0,2178,0,0,0,0,0,0,0,0,0,0,0,0,0,0,0,0,0,0,0,0,0,0,0,0,0,0,0,0,0,0,0,0,0,0,0,0,0,0,0,44,0,0,0,0,0,0,0,0,0,0,0,0,0,0,0,0,0,0
"96","Short","High",11,2,33,0.030734550252914,0.00923685946778095,0.193341763800308,5.14,-2.34257829586305,0.66044776119403,13.4713907741128,NA,NA,41.3928002268977,3.07264490511551,NA,150.35631,-33.51962,0,0,12,12,135,0,217,0,0,0,0,0,0,0,40,0,0,0,0,0,0,0,0,0,0,0,0,0,0,0,0,0,0,0,0,0,0,0,0,0,0,0,0,0,0,0,27,0,0,0,0,0,0,0,0,0,0,0,0,0,0,0,0,0,0,0,0,0,0,0,0,0,0,0,0,0,0,0,0,0,0,0,49,0,0,0,0,0,0,0,0,0,0,0,0,0,0,0,0,0,0,0,0,0,0,0,0,0,0,0,0,0,0,0,0,0,0,0,0,0,0,0,0,0,0,0,0,0,0,0,0,0,0,0,0,0,0,0,63,0,0,0,0,0,0,0,0,0,0,0,0,0,0,0,0,0,0,0,0,0,0,0,0
"85","Short","High",11,2,47,0.00698656845753899,0.00909878682842288,0.00909878682842288,5.04,-2.51289152526201,0.66044776119403,13.4713907741128,NA,NA,41.3928002268977,3.07264490511551,NA,150.35631,-33.51962,0,0,29,0,0,0,14,0,0,0,0,0,0,0,0,0,0,12,0,0,0,0,0,16,0,0,0,0,0,0,0,0,0,0,0,0,0,0,0,0,0,0,0,0,0,0,0,0,0,0,0,0,0,0,0,0,0,0,0,0,0,0,0,0,0,0,0,1132,0,0,0,0,0,0,0,0,0,0,0,0,0,0,0,0,0,0,0,0,0,0,0,0,0,0,0,0,0,0,0,0,0,0,0,0,156,0,0,0,0,0,0,0,0,0,0,0,0,0,0,0,0,0,0,0,0,0,0,0,0,0,0,0,0,0,0,0,0,0,0,0,0,0,0,0,6057,0,0,0,0,0,0,0,0,0,0,0,0,0,0,0,0,0,0
"49","Long","High",12,1,3,0.0559381044487427,0.00974854932301741,0.00974854932301741,4.52,-1.95089416120239,0.709677419354839,16.4267412287882,NA,NA,44.1698250521921,2.68889759916493,NA,150.56587,-33.52589,0,0,0,0,0,0,0,0,0,0,0,0,0,0,0,0,0,0,0,0,0,0,0,0,0,0,0,0,0,0,0,0,0,0,0,0,0,0,0,0,0,0,0,0,0,0,0,0,0,0,0,0,0,0,0,0,0,0,0,0,0,0,0,0,0,0,0,0,0,0,0,0,0,0,0,0,0,0,0,0,0,0,0,0,0,0,0,0,0,0,0,0,0,0,0,0,0,0,0,0,0,0,0,0,0,0,0,0,0,0,0,0,0,0,0,0,0,0,0,0,0,0,0,0,0,0,0,0,0,0,0,0,0,0,0,0,0,0,0,0,0,0,0,0,0,0,0,0,0,0,0,0,0,0,0,0,0,0,0,0,0,0,0
"48","Long","High",12,1,16,0.0259497369959088,0.00981881940385739,0.053156049094097,5.45,-2.86119984331714,0.709677419354839,16.4267412287882,NA,NA,44.1698250521921,2.68889759916493,NA,150.56587,-33.52589,0,0,0,0,0,0,0,0,0,0,0,0,0,0,0,0,0,0,0,0,0,0,0,0,0,0,0,0,0,0,0,0,0,0,0,0,0,0,0,0,0,0,0,0,0,0,0,0,0,0,0,0,0,0,0,0,0,0,0,0,0,0,0,0,0,0,0,0,0,0,0,0,0,0,0,0,0,0,0,0,0,0,0,0,0,0,0,0,0,0,0,0,0,0,0,0,0,0,0,0,0,0,0,0,0,0,0,0,0,0,0,0,0,0,0,0,0,0,0,0,0,0,0,0,0,0,0,0,0,0,0,0,0,0,0,0,0,0,0,0,0,0,0,13,0,0,0,0,0,0,0,0,0,0,0,0,0,0,0,0,0,0,0
"47","Long","High",12,1,33,0.056816220880069,0.0454270923209664,0.367234685073339,5.31,-2.57336513704083,0.709677419354839,16.4267412287882,NA,NA,44.1698250521921,2.68889759916493,NA,150.56587,-33.52589,0,0,0,0,0,27,0,0,0,0,0,0,0,0,0,0,0,0,0,0,0,0,0,0,0,0,0,0,0,0,0,0,0,0,0,0,0,0,0,0,0,0,0,0,0,0,0,0,0,0,0,0,0,0,0,0,0,0,0,0,0,0,0,0,0,0,0,0,0,0,0,0,0,0,0,0,0,0,0,0,11,0,0,0,0,0,0,0,0,0,0,0,0,0,0,0,0,0,0,0,0,0,0,0,0,0,0,0,0,0,0,0,0,0,0,0,0,0,0,0,0,0,0,0,0,0,0,0,0,0,0,0,0,0,0,0,0,0,0,0,0,0,0,0,0,0,0,0,0,0,0,0,0,0,0,0,0,0,0,0,0,0,38
"45","Long","High",12,1,47,0.0193255250403877,0.00209006462035541,0.0892669628432956,5.31,-2.1972939744068,0.709677419354839,16.4267412287882,NA,NA,44.1698250521921,2.68889759916493,NA,150.56587,-33.52589,0,0,0,0,0,0,18,0,0,0,0,0,0,0,0,0,0,0,0,0,0,0,0,0,0,0,0,16,0,0,0,0,10,0,0,0,0,0,0,0,0,0,0,0,0,0,0,0,0,0,0,0,0,0,0,0,0,0,0,0,0,0,0,0,0,0,0,0,0,0,0,0,0,0,0,35,0,0,0,0,0,0,0,0,0,0,0,0,0,0,0,0,0,0,0,0,0,0,0,0,0,0,0,0,0,0,0,0,0,0,0,0,0,0,0,0,0,0,0,0,0,0,0,0,0,0,0,0,0,0,0,0,0,0,0,0,0,0,0,0,0,0,0,0,0,0,0,0,0,0,0,0,0,0,0,0,0,0,0,0,0,0,0
"54","Long","High",12,2,3,0.00444115470022206,0.0304095731556871,0.086139896373057,4.83,-2.35012943342097,0.786885245901639,9.9238343693123,22906.1753171715,2308.19806787634,42.0189712824548,4.23414677419355,0.0018343949044586,150.56587,-33.52589,0,0,0,0,0,0,0,0,0,0,0,0,0,0,0,0,0,0,0,0,23,0,0,0,0,0,0,0,0,0,0,0,0,0,0,37,0,0,0,0,0,0,0,0,0,0,0,0,0,0,0,0,0,0,0,0,0,0,0,0,0,0,0,0,0,0,0,0,0,0,0,0,0,0,0,0,0,0,0,0,0,0,53,0,0,0,0,0,0,0,0,0,0,0,0,0,0,0,0,0,0,0,0,0,30,0,0,0,0,0,0,0,0,0,0,0,0,0,0,0,0,0,0,0,0,0,0,0,0,0,0,0,0,0,0,0,0,0,0,0,0,0,0,0,0,0,0,0,0,0,0,0,0,0,0,0,0,0,2832,0,0,0,0
"59","Long","High",12,2,16,0.0406489245351805,0.010207801676996,0.193036820998906,5.33,-2.31516245507493,0.786885245901639,9.9238343693123,22906.1753171715,2308.19806787634,42.0189712824548,4.23414677419355,0.0018343949044586,150.56587,-33.52589,0,0,0,0,45,0,51,0,0,0,0,0,0,0,11,0,0,0,0,0,0,0,0,19,0,0,0,0,0,0,0,0,0,0,0,0,0,0,0,0,110,0,0,0,0,0,14,0,0,0,49,0,0,14,63,0,0,0,0,0,0,0,0,0,0,214,0,0,0,0,0,443,0,0,0,48,0,0,0,0,0,0,44,0,0,0,0,0,0,0,0,0,0,0,0,0,0,150,0,610,0,0,855,0,0,0,0,0,0,0,0,0,0,0,0,0,0,0,0,0,0,0,0,0,0,0,0,0,0,0,0,0,0,0,0,0,0,0,0,0,0,0,0,0,0,11,0,0,0,0,0,0,0,0,0,0,0,0,0,0,0,0,0
"68","Long","High",12,2,33,0.0386913171598111,0.00968796673798087,0.2406248738546,5.5,-2.21034214609992,0.786885245901639,9.9238343693123,22906.1753171715,2308.19806787634,42.0189712824548,4.23414677419355,0.0018343949044586,150.56587,-33.52589,0,0,0,0,0,0,10,0,0,0,0,0,0,0,0,0,0,0,0,0,0,0,0,10,0,0,0,0,0,0,0,0,0,0,0,0,0,30,0,0,0,0,0,0,0,0,0,0,0,0,0,0,0,0,0,0,0,0,0,0,0,0,0,0,0,0,0,0,0,0,0,0,0,0,0,113,0,0,0,0,0,0,25,0,0,0,0,0,0,0,0,0,0,0,0,0,0,0,0,0,0,0,0,0,0,0,0,0,382,0,0,0,0,0,0,0,0,0,0,0,0,0,0,0,0,0,0,0,0,0,0,0,0,0,0,47,0,0,0,0,0,0,0,0,0,0,0,0,0,0,0,0,0,81,0,0,0,0,0,0,0,0,0
"67","Long","High",12,2,47,0.0263063279002876,0.0100671140939597,0.00853906999041227,5.23,-2.10791586804016,0.786885245901639,9.9238343693123,22906.1753171715,2308.19806787634,42.0189712824548,4.23414677419355,0.0018343949044586,150.56587,-33.52589,0,0,0,0,23,0,59,0,0,0,0,0,0,0,0,0,0,0,0,11,0,0,0,0,0,0,0,0,31,0,0,0,0,0,0,0,0,63,0,0,0,0,0,0,0,0,0,0,0,0,0,0,0,0,0,0,0,0,0,0,0,0,0,0,0,0,0,0,0,0,0,0,0,0,0,0,0,0,0,0,0,0,0,0,0,0,0,0,0,0,0,0,0,0,0,0,0,0,0,0,0,0,0,0,0,0,0,0,63,0,0,0,0,0,0,0,0,0,0,0,0,0,0,0,0,0,0,0,0,0,0,0,0,0,0,0,0,0,0,0,0,0,0,0,0,0,0,0,0,0,0,0,0,71,0,0,0,0,0,0,0,0,0
"51","Short","Low",26,1,3,0.0416133674448353,0.0100735529261273,0.0509673808762392,5.3,-1.99844084377922,0.858369098712446,13.0127116388341,1860.14672086334,142.948431694442,44.3303466993756,3.40669553969672,0.0238316398390342,150.50014,-33.4982,0,0,14,0,0,0,0,0,0,0,0,0,0,0,0,0,0,0,0,0,30534,0,0,0,0,0,0,0,0,0,0,0,0,0,0,0,0,0,0,0,0,0,0,0,0,0,0,0,0,0,0,0,0,0,0,0,0,0,0,0,0,0,0,0,0,0,0,0,0,0,0,0,0,0,0,0,0,0,0,0,0,0,0,0,0,0,0,0,0,0,0,0,0,0,0,0,0,0,0,0,0,0,0,0,0,0,0,0,0,0,0,0,0,0,0,0,0,0,0,0,0,0,0,0,0,0,0,0,0,0,0,0,0,0,0,0,0,0,0,0,0,0,0,0,0,0,0,0,0,0,0,0,0,0,0,0,0,0,0,26,0,0,0
"53","Short","Low",26,1,16,0.0466481554938516,0.00493851646172154,0.0357001190003967,5.47,-1.99434731639538,0.858369098712446,13.0127116388341,1860.14672086334,142.948431694442,44.3303466993756,3.40669553969672,0.0238316398390342,150.50014,-33.4982,0,0,26,0,20,0,21,0,0,0,0,0,0,0,0,0,0,0,0,11,0,0,0,51,0,0,0,0,0,0,0,0,0,0,0,0,0,0,13,0,0,0,0,0,0,0,0,0,0,0,0,0,17,0,0,0,0,0,0,0,0,0,0,0,0,0,0,0,0,0,0,0,0,0,0,0,0,0,0,0,0,0,0,0,0,356,0,0,0,0,0,0,0,0,0,0,11,0,0,0,0,0,0,0,0,0,0,0,0,0,0,0,0,0,0,0,0,0,0,0,0,0,0,0,0,0,0,0,0,0,0,0,0,0,0,0,0,0,0,0,0,0,0,0,0,0,0,0,0,0,0,0,0,0,0,0,0,0,0,0,0,0,0
"50","Short","Low",26,1,33,0.0305237406872012,0.00934059824307795,0.398921383298121,5.33,-2.07085369289364,0.858369098712446,13.0127116388341,1860.14672086334,142.948431694442,44.3303466993756,3.40669553969672,0.0238316398390342,150.50014,-33.4982,0,0,0,0,0,0,0,0,0,0,11,0,0,0,0,0,0,0,0,0,317,0,0,0,0,0,0,0,0,0,0,0,0,0,0,0,0,0,0,0,0,0,0,0,0,0,0,0,0,0,0,0,0,0,0,0,0,0,0,0,0,0,0,0,0,0,0,0,0,0,0,0,0,0,0,0,0,0,0,0,0,0,0,0,0,83,0,0,0,0,0,0,0,0,0,0,0,0,0,0,0,0,0,0,0,0,0,0,0,0,0,0,0,0,0,0,0,0,0,0,0,0,0,0,57,0,0,0,0,22,0,0,0,0,0,0,0,0,0,0,0,0,0,0,0,0,0,0,0,0,0,0,0,0,0,0,0,0,0,0,0,0,0
"46","Short","Low",26,1,47,0.0332489287105571,0.00014608492403584,0.167442539929879,5.07,-2.1629439066049,0.858369098712446,13.0127116388341,1860.14672086334,142.948431694442,44.3303466993756,3.40669553969672,0.0238316398390342,150.50014,-33.4982,0,0,0,0,0,0,0,0,0,0,0,0,0,0,0,0,0,0,0,0,0,0,0,0,0,0,0,0,0,0,0,0,0,0,0,0,0,0,0,0,0,0,0,0,0,0,0,0,0,0,0,0,0,0,0,0,0,0,0,0,0,0,0,0,0,0,0,0,0,0,0,0,0,0,0,0,0,0,0,0,0,0,0,0,0,0,0,0,0,0,0,0,0,0,0,0,0,0,0,0,0,0,0,0,0,0,0,0,0,0,0,0,0,0,0,0,0,0,0,0,0,0,0,0,0,10,0,0,0,0,0,0,0,0,0,0,0,0,0,0,0,0,0,0,0,0,0,0,0,0,0,0,0,0,0,0,0,0,0,0,0,0,0
"81","Short","Low",26,2,3,0.0419908466819222,0.00961098398169337,0.00961098398169337,5.1,-2.52857117922992,0.727272727272727,15.6309940032526,1532.4666220816,98.0402539827421,46.2754848478783,2.96049533626902,0.0301967326277036,150.50014,-33.4982,0,0,13,113,0,0,0,0,0,17,36,0,0,0,0,0,0,0,0,0,14,0,0,0,0,0,0,0,0,0,0,0,0,0,0,0,0,0,0,0,0,0,0,0,0,0,0,0,0,0,0,0,0,0,0,0,0,0,0,0,90,0,0,0,0,0,0,0,0,0,68,0,0,0,0,0,0,0,23,0,0,0,0,0,76,12,0,0,0,0,229,0,0,0,0,0,0,0,0,0,0,0,0,0,0,0,38,0,0,0,0,0,0,0,0,0,0,0,0,0,63,0,0,0,0,0,0,0,0,0,0,0,0,0,0,0,0,0,0,0,0,0,0,0,0,0,0,0,0,0,0,0,0,0,0,0,0,0,0,0,0,0,0
"75","Short","Low",26,2,16,0.0391348163630935,0.00940579277396238,0.0651407136458644,4.94,-2.06274403182288,0.727272727272727,15.6309940032526,1532.4666220816,98.0402539827421,46.2754848478783,2.96049533626902,0.0301967326277036,150.50014,-33.4982,15,0,29,27,10,0,0,0,15,0,0,0,0,0,0,0,0,19,0,0,16139,0,0,0,0,0,0,0,0,0,0,0,0,0,0,0,0,0,0,0,0,0,0,34,0,0,14,0,0,0,0,0,0,0,0,0,0,0,0,0,0,0,0,0,14,0,0,0,0,0,0,0,0,0,0,0,0,0,0,0,0,0,0,0,11,0,0,0,0,0,0,0,0,0,0,0,0,0,0,0,0,0,0,0,0,0,0,0,0,0,0,0,0,0,0,0,0,0,0,0,0,0,0,0,0,0,0,0,0,0,0,0,0,0,0,0,0,0,0,0,0,0,0,0,0,0,0,0,0,0,0,0,0,0,0,0,0,0,0,139,0,0,0
"57","Short","Low",26,2,33,0.0393025555217524,0.00958320657134165,0.00958320657134165,5.28,-2.30397141362266,0.727272727272727,15.6309940032526,1532.4666220816,98.0402539827421,46.2754848478783,2.96049533626902,0.0301967326277036,150.50014,-33.4982,0,0,0,0,0,0,0,0,0,0,0,0,0,0,0,0,0,0,0,0,0,0,0,0,0,0,0,0,0,0,0,0,0,0,0,0,0,0,0,0,0,0,0,19,0,0,0,0,0,0,105,0,0,0,0,0,0,0,0,0,0,0,0,0,0,0,0,0,0,0,0,0,0,0,0,0,0,0,0,0,0,0,0,0,0,0,0,0,0,0,0,0,0,0,0,0,0,13,0,0,0,0,0,0,0,0,0,0,0,0,0,0,0,0,0,0,0,0,0,0,0,0,0,0,0,0,0,0,0,0,0,0,0,0,0,0,0,0,0,0,0,0,0,0,0,0,0,0,0,0,0,0,0,0,0,0,0,0,0,0,0,0,0
"66","Short","Low",26,2,47,0.0232889192574878,0.00956610864366246,0.168887370458945,4.68,-1.6493866526498,0.727272727272727,15.6309940032526,1532.4666220816,98.0402539827421,46.2754848478783,2.96049533626902,0.0301967326277036,150.50014,-33.4982,0,0,0,0,0,0,0,0,0,0,0,0,0,0,0,0,0,0,0,0,0,0,0,0,0,0,0,0,0,0,0,0,0,0,0,0,0,77,0,0,0,0,0,0,0,0,0,0,0,0,0,0,0,0,0,0,0,0,0,0,0,0,0,0,0,0,0,0,0,0,0,0,0,0,0,0,0,233,0,0,0,0,0,0,0,0,0,0,0,0,0,0,0,0,0,0,0,0,0,0,796,16,0,0,29,11,0,0,0,0,0,0,0,0,0,0,0,0,0,0,0,0,0,0,0,0,0,0,0,0,0,0,0,0,0,0,0,0,0,0,0,0,0,0,0,0,0,0,0,0,0,0,0,0,0,0,0,0,0,20,0,0,0
"12","Long","High",29,1,3,0.0237717029922423,0.0312246028814185,0.331501662356853,5.39,-1.68708206815413,0.565217391304348,17.572321889415,NA,NA,46.5847776098027,2.6510314290261,NA,151.07002,-34.08446,0,0,27,0,0,0,0,0,0,0,0,0,0,0,0,0,0,0,0,0,0,0,0,26,0,0,0,0,0,0,0,0,230,0,0,0,0,0,0,0,14,0,0,0,0,0,52,0,0,0,0,0,0,0,0,0,0,0,0,0,0,0,0,0,0,0,0,0,0,0,0,268,0,0,0,17,0,0,0,0,0,0,0,0,0,0,0,0,0,41,0,0,0,0,0,0,0,38,0,1270,0,0,516,0,0,0,0,0,0,0,0,0,0,0,0,0,0,0,0,0,0,0,0,0,0,0,0,0,0,0,0,0,0,0,0,0,0,0,0,0,0,0,0,0,0,0,0,0,0,0,0,0,0,0,0,0,0,0,0,0,0,0,0
"28","Long","High",29,1,16,0.027230945997702,0.0096514745308311,0.17958636537725,5.33,-2.60461836891305,0.565217391304348,17.572321889415,NA,NA,46.5847776098027,2.6510314290261,NA,151.07002,-34.08446,0,0,0,0,0,0,0,0,0,0,0,0,0,0,0,0,0,0,0,0,51,0,0,0,0,0,0,0,0,0,0,0,0,0,0,0,0,0,0,0,0,0,0,0,6348,0,0,0,0,0,0,0,0,0,37,0,0,0,0,0,0,0,0,0,0,0,0,0,0,0,0,0,0,0,0,0,0,0,0,0,0,0,0,0,0,0,0,0,0,0,0,0,0,0,0,0,0,0,0,0,0,0,0,0,0,0,0,0,0,0,0,0,0,0,0,0,0,0,0,0,0,0,0,0,0,0,0,0,28,0,0,0,0,0,0,0,0,0,0,0,0,0,0,0,0,0,0,0,0,0,0,0,0,0,0,0,0,0,0,0,0,0,0
"7","Long","High",29,1,47,0.00671810312382386,0.00948438088069251,0.343780579601054,5.14,-2.42589262726301,0.565217391304348,17.572321889415,NA,NA,46.5847776098027,2.6510314290261,NA,151.07002,-34.08446,0,0,0,0,0,0,0,0,0,0,0,0,0,0,0,0,0,0,0,0,0,0,0,0,0,0,0,0,0,0,0,0,0,0,0,0,0,0,0,0,0,0,0,0,21,0,0,0,0,0,0,0,0,0,0,0,0,0,0,0,0,0,0,0,0,0,0,0,0,0,0,0,0,0,0,0,0,0,0,0,0,0,0,0,0,0,0,0,0,0,0,0,0,0,0,0,0,0,0,0,0,0,0,0,0,0,0,0,0,0,0,0,0,0,0,0,0,0,0,0,0,0,0,0,0,0,0,0,0,0,0,0,0,0,0,0,0,0,0,0,0,0,0,0,0,0,0,0,0,0,0,0,0,0,0,0,0,0,0,0,0,0,0
"6","Long","High",29,2,3,0.0689497716894977,0.113299086757991,0.720091324200913,5.47,-1.98405329814561,0.5,10.5518072029659,NA,NA,45.4098149122807,4.30351067251463,NA,151.07002,-34.08446,0,0,0,0,0,0,0,0,0,0,0,0,0,0,0,0,0,0,0,0,0,0,0,0,0,0,0,0,0,0,0,0,61,0,0,0,0,0,0,0,0,0,0,0,0,0,0,0,0,0,0,0,0,0,0,0,0,0,0,0,18,0,0,0,0,0,0,0,0,0,0,0,0,0,0,0,0,0,0,0,0,0,185,27,0,0,0,0,0,0,0,0,0,0,0,0,0,0,0,0,0,0,0,0,0,0,0,0,0,0,0,0,0,0,0,0,0,0,0,0,0,0,0,19,13,0,0,0,0,0,0,0,0,0,0,0,0,0,0,0,0,0,0,0,0,0,0,0,0,0,0,0,0,0,0,0,0,0,0,0,0,0,0
"10","Long","High",29,2,33,0.0420647149460709,0.00589368258859784,0.289137134052388,5.62,-2.20985330943809,0.5,10.5518072029659,NA,NA,45.4098149122807,4.30351067251463,NA,151.07002,-34.08446,0,0,0,0,0,0,0,0,0,0,0,0,0,0,0,0,0,0,0,0,0,0,0,0,0,0,0,0,0,0,0,0,0,0,0,0,0,0,0,0,0,0,0,0,0,0,0,0,0,0,0,0,0,0,0,0,0,0,0,0,0,0,0,0,0,0,0,0,0,0,0,0,0,0,0,0,0,0,0,0,0,12,0,0,0,0,0,0,0,0,0,0,0,0,0,0,0,0,0,0,0,0,0,0,0,0,0,0,0,0,0,0,0,0,0,0,0,0,0,0,0,0,0,0,0,0,0,0,0,0,0,0,0,0,0,0,0,0,0,0,0,0,0,0,0,0,0,0,0,0,0,0,0,0,0,0,0,0,0,0,0,0,0
"9","Long","High",29,2,47,0.0577095808383234,0.0188622754491018,0.0188622754491018,5.39,-2.03131666008793,0.5,10.5518072029659,NA,NA,45.4098149122807,4.30351067251463,NA,151.07002,-34.08446,0,0,0,0,12,0,35,0,0,26,0,0,0,0,0,0,0,0,0,10,4407,0,0,388,0,0,0,0,0,0,0,0,941,0,0,0,0,0,0,0,0,0,0,28,0,0,0,0,0,0,0,0,0,0,0,0,0,0,0,0,0,0,0,0,0,0,0,0,0,0,0,0,0,0,0,0,0,0,0,0,0,0,38,0,0,0,0,0,0,0,0,0,0,0,0,0,0,0,0,0,0,0,0,0,0,24,0,257,0,0,0,0,0,0,0,0,0,0,0,0,0,0,0,0,0,0,0,0,0,0,0,0,0,0,0,0,0,0,0,0,0,0,0,0,0,0,0,0,0,0,0,0,0,0,0,0,0,0,0,0,0,0,0
"22","Short","High",31,1,3,0.0394063277639531,0.00895840739424103,0.329781372200498,5.61,-1.84357862877617,0.698717948717949,9.67275552960471,759.672527787146,78.5373439308035,42.9353645607375,4.43879351952278,0.0565182535767143,150.69537,-33.1823,0,0,0,0,0,0,0,0,0,0,16,0,0,0,0,0,0,0,0,0,0,0,0,0,0,0,0,0,0,0,0,0,0,0,0,0,0,0,0,0,0,0,0,0,0,0,0,0,0,0,0,0,0,0,0,0,0,0,0,0,0,0,0,0,0,0,0,0,0,0,0,0,0,0,0,0,0,0,0,0,0,0,0,0,0,0,0,0,0,0,0,0,0,0,0,0,0,0,0,0,0,0,0,0,0,0,0,0,0,0,0,0,0,0,0,0,0,0,0,0,0,0,0,0,0,0,0,0,0,0,0,0,0,0,0,0,0,0,0,0,0,0,0,0,0,0,0,0,0,0,0,0,0,0,0,0,0,0,0,0,0,0,0
"26","Short","High",31,1,16,0.0353006681514477,0.00935412026726058,0.29793986636971,5.61,-2.09212785149574,0.698717948717949,9.67275552960471,759.672527787146,78.5373439308035,42.9353645607375,4.43879351952278,0.0565182535767143,150.69537,-33.1823,0,0,0,0,0,0,0,0,0,0,0,0,0,0,0,0,0,0,0,0,0,0,0,0,0,0,0,0,0,0,0,0,0,0,0,0,0,0,0,0,0,0,0,0,0,0,0,0,0,0,0,0,0,0,0,0,0,0,0,0,0,0,0,0,0,0,0,0,0,0,0,0,0,0,0,0,0,0,0,0,0,0,16,0,0,0,0,0,0,0,0,0,0,0,0,0,0,0,0,0,0,0,0,0,0,0,0,0,0,0,0,0,0,0,0,0,0,0,0,0,0,0,0,0,0,0,0,0,25,0,0,0,0,0,0,0,0,0,0,0,0,0,0,0,0,0,0,0,0,0,0,0,0,0,0,0,0,0,0,0,0,0,0
"5","Short","High",31,1,33,0.0623259315016937,0.0647534813699661,0.319279262325932,5.11,-2.03505719703744,0.698717948717949,9.67275552960471,759.672527787146,78.5373439308035,42.9353645607375,4.43879351952278,0.0565182535767143,150.69537,-33.1823,0,0,0,21,0,0,0,0,0,0,0,0,0,0,0,0,0,0,0,0,0,0,0,0,0,0,0,0,0,0,0,0,0,0,0,0,0,0,0,0,0,51,0,0,0,0,0,0,0,0,0,0,0,0,0,0,0,0,0,0,0,0,0,0,0,0,0,0,0,0,0,0,0,0,0,0,102,0,0,0,0,0,0,0,0,0,0,0,0,0,0,0,0,0,927,0,0,0,0,0,0,0,0,0,0,0,0,0,0,0,0,0,0,0,0,0,0,0,0,0,0,0,0,0,0,0,0,0,0,0,0,0,0,0,0,0,0,0,0,0,0,0,0,0,0,0,0,0,0,0,0,0,0,0,0,0,0,0,0,0,0,0,0
"23","Short","High",31,1,47,0.0236301369863014,0.00958904109589041,0.26509703196347,5.42,-2.12065702809018,0.698717948717949,9.67275552960471,759.672527787146,78.5373439308035,42.9353645607375,4.43879351952278,0.0565182535767143,150.69537,-33.1823,26,0,0,0,0,0,0,0,0,0,0,0,0,0,0,0,0,0,0,0,0,0,0,0,0,0,0,0,0,0,0,0,0,0,0,0,0,0,0,0,0,0,0,0,0,0,0,0,0,0,0,0,0,0,0,0,0,0,0,0,0,0,0,0,0,0,0,0,0,0,0,0,0,0,0,0,0,0,0,0,0,0,0,0,0,0,0,0,0,0,0,0,0,0,912,0,0,0,0,0,0,0,0,0,0,0,0,0,0,38,0,0,0,0,0,0,0,0,0,0,0,0,0,0,0,88,0,0,42,0,0,0,0,0,0,0,0,0,0,0,0,0,0,0,0,0,0,0,0,0,0,0,0,0,0,0,0,0,0,0,0,0,0
"29","Short","High",31,2,3,0.0268899700598802,0.0094311377245509,0.143909056886228,5.08,-1.64051919959642,0.682352941176471,12.4650470176463,781.747816006862,62.7151919202687,45.5041745748299,3.65054175170068,0.0582082528957529,150.69537,-33.1823,0,0,0,0,80,0,258,94,0,374,43,0,0,0,0,0,0,0,0,25,65,0,0,187,0,0,0,0,60,0,0,0,6026,0,0,0,0,0,0,0,0,0,0,0,0,0,0,0,0,0,0,0,0,747,0,0,0,0,0,0,0,0,0,0,0,0,0,0,0,24,0,0,0,0,0,0,0,0,0,0,0,0,0,0,0,0,0,0,0,0,0,0,0,0,0,0,0,0,0,0,0,0,0,0,0,0,0,0,0,0,0,0,267,0,0,0,0,0,0,0,0,0,0,0,0,0,0,0,0,35,0,0,0,0,0,0,0,0,0,0,0,0,0,0,0,0,0,0,0,0,0,0,0,0,0,0,0,0,0,0,0,0,0
"33","Short","High",31,2,16,0.0347126436781609,0.0096551724137931,0.0096551724137931,5.58,-2.09786256225784,0.682352941176471,12.4650470176463,781.747816006862,62.7151919202687,45.5041745748299,3.65054175170068,0.0582082528957529,150.69537,-33.1823,11,0,0,0,0,0,0,0,0,0,0,0,0,0,0,0,0,0,0,0,0,0,0,0,0,0,0,0,0,0,0,0,10,0,0,0,0,0,0,0,0,9669,0,0,0,0,22,0,0,0,0,0,0,0,11,0,0,0,0,0,0,0,0,0,0,0,0,0,0,0,0,0,0,0,0,0,0,0,0,0,0,0,0,0,0,0,0,0,0,0,0,0,0,0,0,0,0,0,0,0,0,0,0,20,0,0,0,0,0,0,0,0,0,20,0,0,0,0,0,0,0,0,0,0,0,0,0,0,0,0,0,0,0,0,0,0,0,2115,0,0,0,0,0,0,0,0,0,0,0,0,0,0,0,0,0,0,0,0,0,0,78,0,0
"14","Short","High",31,2,33,0.0640969162995595,0.0275055066079295,0.198926211453745,5.4,-2.34757912001672,0.682352941176471,12.4650470176463,781.747816006862,62.7151919202687,45.5041745748299,3.65054175170068,0.0582082528957529,150.69537,-33.1823,0,0,16,0,0,0,0,0,85,0,0,0,0,0,15,0,0,11,0,0,0,0,0,38,0,0,0,0,0,0,0,0,0,0,0,0,0,0,0,0,0,0,0,0,0,0,0,0,0,0,0,0,0,0,0,0,0,0,0,0,0,0,0,0,0,0,0,0,0,0,0,0,0,0,0,0,0,0,0,0,0,0,0,0,0,0,0,0,0,0,0,0,0,0,0,0,0,0,0,0,0,0,0,0,0,20,0,0,0,0,0,0,0,0,0,0,0,0,0,0,0,0,14,0,0,0,0,43,15,0,0,0,0,0,0,0,0,0,0,0,0,0,0,0,0,0,0,0,0,0,0,0,0,0,0,0,0,0,0,0,0,0,0
"4","Short","High",31,2,47,0.0333394160583942,0.00919708029197081,0.177098540145985,5.3,-1.67287542295102,0.682352941176471,12.4650470176463,781.747816006862,62.7151919202687,45.5041745748299,3.65054175170068,0.0582082528957529,150.69537,-33.1823,18,108,14,0,149,710,50,0,0,0,0,61,0,0,1469,45,20,0,0,0,11,0,301,14,0,0,78,16,0,15,75,94,35,0,0,0,0,0,0,0,0,40425,0,0,0,0,89,0,0,0,0,0,0,0,0,0,0,0,0,0,0,0,0,0,0,0,0,0,0,0,0,0,0,0,0,0,0,0,0,0,0,0,0,0,0,0,0,0,0,0,0,0,0,0,0,0,0,0,0,0,0,0,0,0,0,0,0,0,0,0,0,0,0,166,0,0,0,0,0,0,0,0,1290,0,0,0,0,0,0,0,0,0,0,0,0,0,0,0,0,0,0,0,0,0,0,0,0,0,0,0,0,0,0,0,0,0,0,12,0,0,0,0,0
"25","Short","Low",34,1,3,0.0523217550274223,0.00921389396709324,0.0792504570383912,4.83,-1.62207904674764,0.704081632653061,13.7043531682657,3009.52171851977,219.603339287017,49.2487812882393,3.59365967029232,0.0163643216080402,150.59972,-33.44346,0,0,0,0,0,0,0,0,0,0,0,0,0,0,0,0,0,0,0,0,322,0,0,0,0,0,0,0,0,0,0,10,14,0,0,0,0,0,0,0,0,0,0,0,0,0,0,0,0,0,0,0,0,0,0,0,0,0,0,0,0,0,0,0,0,0,0,0,0,0,0,0,0,0,0,0,0,0,0,0,0,0,0,0,0,0,0,0,0,0,0,0,0,0,0,0,0,0,0,0,0,0,0,0,0,0,0,0,0,0,0,0,0,15,0,0,0,0,0,0,0,0,0,0,0,0,0,0,0,185,0,0,0,0,0,0,0,0,16,16,0,0,0,0,0,0,0,0,0,0,0,0,0,0,0,0,0,0,0,0,0,0,0
"19","Short","Low",34,1,16,0.0306461538461539,0.00775384615384615,0.0408,4.83,-2.38241149009961,0.704081632653061,13.7043531682657,3009.52171851977,219.603339287017,49.2487812882393,3.59365967029232,0.0163643216080402,150.59972,-33.44346,0,0,0,0,0,0,0,0,0,0,0,0,0,0,0,0,0,0,0,0,0,0,0,0,0,0,0,0,0,0,0,0,0,0,0,120,0,0,0,0,0,13899,0,0,0,0,0,0,0,0,0,0,0,0,0,0,0,0,0,0,0,0,0,0,0,0,0,0,0,0,0,0,0,0,0,0,0,0,0,0,0,0,0,0,0,0,0,0,0,0,0,0,0,0,0,0,0,0,0,0,0,0,0,0,0,0,0,0,0,0,0,0,0,0,0,0,0,0,0,0,0,0,0,0,0,0,0,0,0,0,0,0,0,0,0,0,0,0,0,0,0,0,0,0,0,0,0,0,0,0,0,0,0,0,0,0,0,0,0,0,0,0,0
"21","Short","Low",34,1,33,0.0503799392097265,0.0220839665653495,0.0306325987841945,5.09,-2.10666938153183,0.704081632653061,13.7043531682657,3009.52171851977,219.603339287017,49.2487812882393,3.59365967029232,0.0163643216080402,150.59972,-33.44346,0,0,16,0,0,0,0,0,0,0,0,0,0,0,0,0,0,0,0,0,0,0,0,0,0,0,0,0,0,0,0,0,0,0,0,0,0,0,0,0,0,0,0,0,0,0,0,0,0,0,0,0,0,0,122,0,0,0,0,0,0,0,0,0,0,0,0,0,110,0,0,0,0,0,0,0,0,0,0,0,0,0,0,0,0,0,0,0,0,0,0,0,0,0,0,0,0,0,0,0,0,0,0,0,0,0,0,0,0,0,0,0,0,0,0,0,0,0,0,0,0,0,0,0,0,0,0,0,0,0,0,0,0,0,0,0,0,0,0,0,0,0,0,0,0,0,0,0,0,0,0,0,0,0,0,0,0,0,0,0,0,0,0
"20","Short","Low",34,1,47,0.0499811534112326,0.00949868073878628,0.0862796833773087,4.71,-1.96188093255509,0.704081632653061,13.7043531682657,3009.52171851977,219.603339287017,49.2487812882393,3.59365967029232,0.0163643216080402,150.59972,-33.44346,0,0,0,0,0,0,0,0,0,0,0,0,0,0,0,0,16,0,0,0,23,0,0,0,0,0,0,0,0,0,0,0,0,0,0,0,5383,0,0,0,0,0,0,18,0,2199,0,0,0,0,0,0,0,0,0,0,0,33,19,0,0,0,0,0,0,0,0,0,0,0,0,0,0,0,0,0,0,0,0,0,0,0,0,0,0,0,0,0,0,0,0,0,0,0,0,0,0,0,0,0,0,0,0,0,0,0,0,0,0,0,0,8776,0,0,0,0,0,0,0,0,0,0,0,0,0,0,0,0,0,0,0,0,0,0,0,0,0,0,0,0,0,0,0,0,0,0,0,0,0,0,0,0,0,0,0,0,0,0,0,0,0,0,0
"35","Short","Low",34,2,3,0.0259224397590361,0.0184393825301205,0.2390625,5.05,-2.17131558626824,0.807339449541284,11.3070142520297,910.831207678611,80.5545290185788,47.520238163482,4.20272205414013,0.0521723868954758,150.59972,-33.44346,0,0,18,0,0,0,0,0,0,0,0,0,0,0,31,0,0,0,0,0,0,0,0,0,0,0,0,0,0,0,0,0,0,0,0,0,0,0,0,0,0,0,0,0,0,0,0,0,0,0,0,0,0,0,0,0,0,0,0,0,0,1061,0,0,0,0,0,0,0,0,0,0,0,0,0,42255,0,0,0,0,0,0,0,0,0,0,10,0,0,0,0,0,0,0,0,0,0,0,0,0,0,0,0,0,0,0,0,0,0,0,0,0,0,0,0,0,0,0,0,0,0,0,0,0,0,0,0,0,0,0,0,0,55,0,0,0,0,0,0,0,0,0,0,0,0,0,0,0,0,0,0,0,0,0,0,0,0,0,0,0,0,0,0
"15","Short","Low",34,2,16,0.041849710982659,0.00971098265895954,0.0258381502890173,4.8,-1.89419591365184,0.807339449541284,11.3070142520297,910.831207678611,80.5545290185788,47.520238163482,4.20272205414013,0.0521723868954758,150.59972,-33.44346,0,0,24,0,0,0,0,0,0,0,0,0,0,0,0,0,0,0,0,0,0,0,0,0,0,0,0,0,0,0,0,0,0,0,0,0,0,0,0,0,0,0,0,0,0,0,0,0,0,0,0,0,0,0,0,0,0,0,0,0,0,0,0,0,0,0,0,0,0,0,0,0,0,0,0,0,0,0,0,0,0,0,0,0,0,0,0,0,0,0,0,0,0,0,0,0,0,0,0,0,0,0,0,0,0,0,0,0,0,0,0,0,0,0,0,0,0,474,0,0,0,0,3175,0,0,0,0,0,0,0,0,0,0,0,0,0,0,0,0,0,0,0,0,0,0,0,0,0,0,0,0,0,0,0,0,0,0,0,0,0,0,0,0
"24","Short","Low",34,2,33,0.0538018433179724,0.00967741935483871,0.266100230414747,4.6,-1.90278659501546,0.807339449541284,11.3070142520297,910.831207678611,80.5545290185788,47.520238163482,4.20272205414013,0.0521723868954758,150.59972,-33.44346,0,0,0,0,0,0,0,0,0,0,0,0,0,0,0,0,0,0,0,0,0,0,0,0,0,0,0,0,0,0,0,0,0,0,0,0,0,0,0,0,0,59,0,0,0,0,0,0,0,0,0,0,0,0,0,0,0,0,0,0,0,0,0,0,0,0,0,0,0,0,0,0,0,0,0,593,0,0,0,2931,0,0,0,0,0,0,0,0,0,0,0,0,0,0,0,0,0,0,0,0,0,0,0,0,0,0,0,0,0,0,685,0,0,0,0,0,50,0,1260,0,0,0,0,0,0,0,0,0,0,0,0,0,0,0,0,0,1140,15,0,0,0,0,0,0,0,0,0,0,0,0,0,0,0,0,0,0,0,0,0,0,0,0,0
"36","Short","Low",34,2,47,0.0375433860393367,0.00971847281141535,0.00971847281141535,4.67,-2.12131084247802,0.807339449541284,11.3070142520297,910.831207678611,80.5545290185788,47.520238163482,4.20272205414013,0.0521723868954758,150.59972,-33.44346,11,0,0,0,0,0,0,0,0,0,0,0,0,0,0,0,0,0,0,0,157,0,0,10,0,0,0,0,0,0,0,0,0,0,31,0,0,0,0,0,0,0,0,83,62,0,0,0,0,0,0,0,0,0,176,0,0,0,0,0,0,0,0,0,0,0,0,0,0,0,0,0,0,0,0,31,0,0,0,0,0,0,0,0,0,0,0,0,0,0,0,0,0,0,0,0,0,0,0,0,0,0,0,0,0,0,0,0,0,0,0,0,0,0,0,0,0,0,0,0,0,0,0,0,0,0,0,0,0,0,0,0,0,0,0,0,0,0,0,0,0,0,0,0,0,0,0,0,0,0,0,0,0,0,0,0,0,0,0,0,0,0,0
"3","Long","Low",49,1,3,0.0907383419689119,0.0163212435233161,0.830586139896373,5.04,-2.28086880344673,0.622047244094488,14.7233405093016,2153.77125710358,146.282785196941,47.7530920130641,3.24335988717341,0.0221718494271686,150.67812,-33.26627,0,0,0,0,0,45,0,26,0,0,0,0,0,10,0,0,0,0,0,0,0,0,0,14,0,0,24,0,0,0,0,0,0,0,0,0,0,0,0,0,0,54,0,0,0,0,29,0,0,0,0,0,0,0,0,0,0,0,0,0,0,0,0,0,0,0,0,0,0,0,0,0,0,614,0,0,0,0,0,0,0,0,0,0,0,0,0,0,0,0,0,0,0,0,0,0,0,0,0,0,0,0,0,0,0,0,0,0,0,0,0,0,0,0,0,0,0,0,0,0,0,0,0,0,0,0,0,0,0,0,0,0,0,0,0,0,0,0,0,0,0,0,0,0,0,0,0,0,0,0,0,0,0,0,0,0,0,0,0,0,0,0,0
"18","Long","Low",49,1,16,0.05625,0.0479409620991254,0.157871720116618,5.06,-1.74975519766017,0.622047244094488,14.7233405093016,2153.77125710358,146.282785196941,47.7530920130641,3.24335988717341,0.0221718494271686,150.67812,-33.26627,0,0,0,0,0,0,0,0,0,0,0,0,0,0,0,0,0,0,0,0,29,0,0,0,0,0,0,0,0,0,0,0,19,0,0,0,0,0,0,0,0,41222,0,23,0,0,0,0,0,0,0,0,0,0,0,0,0,0,0,0,0,0,0,0,0,0,0,0,0,0,0,0,0,0,0,0,0,0,0,0,0,0,0,0,0,0,0,0,0,0,0,0,0,0,0,0,0,0,0,0,0,0,0,0,0,0,0,0,0,0,0,0,0,0,0,0,0,0,0,0,0,0,0,0,0,0,0,0,0,0,0,0,0,0,0,0,0,0,0,0,0,0,0,0,0,0,0,0,0,0,0,0,0,0,0,0,0,0,0,0,0,0,0
"32","Long","Low",49,1,33,0.0368978102189781,0.00919708029197081,0.0705656934306569,5.04,-2.01287164734122,0.622047244094488,14.7233405093016,2153.77125710358,146.282785196941,47.7530920130641,3.24335988717341,0.0221718494271686,150.67812,-33.26627,0,0,0,0,0,0,0,0,0,0,0,0,0,0,0,0,0,0,0,0,0,0,0,0,0,0,0,0,0,0,0,0,0,0,0,0,0,0,0,0,0,0,0,0,0,0,0,0,0,0,0,0,0,0,0,0,0,0,0,0,0,0,0,0,0,0,0,0,0,0,0,0,0,0,0,0,0,0,0,0,0,0,0,0,0,0,0,0,0,0,0,0,0,0,0,0,0,0,0,0,0,0,0,0,0,0,0,0,0,0,0,0,0,0,0,0,0,0,0,0,0,0,0,0,0,0,0,0,0,0,0,0,0,0,0,0,0,0,0,0,0,0,0,0,0,0,0,0,0,0,0,0,0,0,0,0,0,0,0,0,0,0,0
"39","Long","Low",49,1,47,0.0166219839142091,0.315348525469169,0.702882037533512,5.1,-2.29703793525332,0.622047244094488,14.7233405093016,2153.77125710358,146.282785196941,47.7530920130641,3.24335988717341,0.0221718494271686,150.67812,-33.26627,0,0,0,0,579,0,554,0,0,0,146,0,23,0,55,0,0,0,0,0,5511,0,0,0,0,0,0,0,0,0,0,0,0,0,0,0,0,0,0,0,0,52,0,0,0,0,0,0,0,0,0,0,0,48,0,0,0,0,0,0,0,26,0,0,0,0,0,0,0,0,0,0,0,0,0,0,0,0,0,0,0,0,300,0,0,0,0,0,0,0,0,14,0,0,0,0,0,0,28,0,0,0,0,0,684,0,0,0,0,0,0,0,0,0,0,0,0,0,0,0,0,0,0,0,0,0,0,0,0,0,0,0,0,0,0,0,0,0,0,0,0,0,0,0,0,0,0,0,0,0,0,0,0,0,0,0,0,0,0,0,0,0,0
"16","Long","Low",49,2,3,0.140213845596231,0.0551014860456687,0.379757158390721,4.78,-1.96217087906251,0.630573248407643,10.7824288379691,NA,NA,51.1325640588235,4.74221205882353,NA,150.67812,-33.26627,0,0,0,0,0,67,0,0,0,0,0,0,0,0,212,0,0,0,0,0,0,0,0,0,0,0,0,0,0,0,0,0,0,0,0,0,0,0,0,0,0,39781,0,21,0,0,19,20,25,0,0,0,0,0,0,0,0,0,0,0,0,0,0,0,0,0,0,0,0,0,0,0,0,0,0,0,0,0,0,0,0,0,0,0,0,0,0,0,0,0,0,0,0,0,0,0,0,0,0,0,0,0,0,0,681,0,0,0,0,0,0,0,0,0,0,0,0,0,0,0,0,0,0,0,0,0,0,0,0,22,0,0,0,0,0,0,0,0,0,0,0,0,0,0,0,0,0,0,0,0,0,0,0,0,0,0,0,0,0,0,0,0,0
"31","Long","Low",49,2,16,0.0694383138380049,0.0139042154049879,0.530636173030236,5.18,-2.00367341114643,0.630573248407643,10.7824288379691,NA,NA,51.1325640588235,4.74221205882353,NA,150.67812,-33.26627,0,0,0,0,0,0,0,0,0,0,0,0,0,0,0,0,0,0,0,0,0,0,0,0,0,0,0,0,0,0,0,0,0,0,0,0,0,0,0,0,0,84848,0,0,0,0,0,0,0,13,0,0,0,0,0,0,0,0,0,0,0,0,0,0,0,0,0,0,0,0,0,0,0,0,0,103,0,0,0,0,0,0,0,0,0,0,0,0,0,0,0,0,0,0,0,0,0,0,0,0,0,0,0,0,0,0,0,0,0,0,0,0,0,0,0,0,0,0,0,0,0,0,0,0,0,0,0,0,0,0,0,0,0,0,0,0,0,0,0,0,13,0,0,0,0,0,0,0,0,0,0,0,0,0,0,0,0,0,0,0,0,0,0
"1","Long","Low",49,2,47,0.170056726094003,0.199534035656402,0.0204213938411669,4.87,-1.68104898567785,0.630573248407643,10.7824288379691,NA,NA,51.1325640588235,4.74221205882353,NA,150.67812,-33.26627,0,0,0,0,0,0,0,0,0,0,0,0,0,0,0,0,0,0,0,0,0,0,0,0,0,0,0,0,0,0,0,0,30,0,0,0,0,0,0,0,0,0,0,0,0,0,0,0,0,0,0,0,0,0,0,0,0,0,0,0,0,0,0,0,0,0,0,0,0,0,0,0,0,0,0,0,0,0,0,0,0,0,0,0,0,0,0,0,0,0,0,0,0,0,0,32,0,0,0,0,0,0,0,0,0,88,0,0,0,0,0,0,0,0,0,0,0,0,0,0,0,0,0,0,0,0,0,0,0,0,0,0,0,0,0,0,0,0,0,0,0,0,0,0,0,0,0,0,0,0,0,0,0,0,0,0,0,0,0,0,0,0,0
"2","Long","High",56,1,3,0.0575100991553434,0.20894234300404,0.383042600073448,5.01,-2.06022385885982,0.814814814814815,11.1514040967477,1360.85555599841,122.034458099792,43.9139742075665,3.93797712167689,0.0322693867207299,150.90987,-32.79934,0,0,105,0,0,12,0,0,0,0,0,0,0,0,0,116,0,50,0,0,13,0,0,0,0,179,0,0,0,0,0,0,0,0,0,0,0,0,0,0,0,144,0,0,0,0,0,0,0,0,0,0,0,0,0,0,0,0,0,0,0,0,0,0,0,0,0,0,0,0,0,0,0,0,0,46,0,0,0,0,0,330,0,0,0,0,0,0,0,0,0,0,0,0,0,0,0,0,0,191,0,0,0,3324,0,0,0,0,0,0,0,0,0,0,336,0,0,0,0,0,0,0,0,0,0,0,0,0,0,0,0,0,0,0,0,0,0,0,0,0,0,0,0,0,0,0,0,0,0,0,0,0,0,0,0,0,0,0,0,0,0,0,0
"34","Long","High",56,1,33,0.172008384146342,0.00960365853658537,0.617520960365854,4.9,-1.66241034287829,0.814814814814815,11.1514040967477,1360.85555599841,122.034458099792,43.9139742075665,3.93797712167689,0.0322693867207299,150.90987,-32.79934,0,0,0,0,0,0,0,0,0,0,0,0,0,0,0,0,0,0,0,0,317,0,0,0,0,0,0,0,0,0,0,0,0,0,0,0,0,0,0,0,0,14,0,0,0,0,0,0,0,0,0,0,0,0,0,0,0,0,0,0,0,0,0,0,0,0,0,0,0,0,0,0,0,0,0,0,0,0,0,0,0,0,0,0,0,0,0,0,0,0,0,0,0,0,0,0,0,0,0,0,0,0,0,0,0,0,0,0,0,0,0,0,0,0,0,0,0,0,0,0,0,0,0,0,0,0,0,0,0,0,0,0,0,0,0,0,0,0,0,0,0,0,0,0,0,0,0,0,0,0,0,0,0,0,0,0,0,0,0,0,0,0,0
"17","Long","High",56,1,47,0.0602036967182195,0.273943794794417,0.386712561297623,5.18,-2.18693169615601,0.814814814814815,11.1514040967477,1360.85555599841,122.034458099792,43.9139742075665,3.93797712167689,0.0322693867207299,150.90987,-32.79934,0,0,14,0,0,0,0,0,0,0,0,0,0,0,25,0,0,0,0,0,0,0,0,0,0,0,0,0,0,0,0,0,0,0,0,0,0,0,0,0,0,39,0,0,0,0,0,0,0,0,0,0,0,0,2129,0,0,0,0,0,0,49174,0,0,0,0,0,0,0,0,0,0,0,0,0,12182,0,0,0,0,0,0,0,103,0,0,27,0,0,0,0,0,0,0,0,0,0,0,0,0,0,0,0,0,0,0,0,0,0,0,0,0,0,0,0,0,0,0,0,0,0,0,0,0,0,0,0,0,0,0,103,97,19,22,23,0,0,0,0,0,0,0,0,0,0,0,0,0,0,0,0,0,0,0,0,0,0,0,0,0,0,0,0
"60","Long","High",56,2,3,0.263171325376884,0.148722126256281,0.508676193467337,4.89,-1.99219748262992,0.777070063694268,NA,NA,NA,NA,NA,NA,150.90987,-32.79934,0,0,45,0,0,21,11,17,0,0,0,0,0,0,22,0,0,20,0,0,1423,0,0,12,0,0,0,0,0,0,0,0,0,0,0,0,0,0,0,0,0,0,61,18,0,0,0,0,0,0,0,5999,0,0,4476,0,0,0,0,0,0,0,0,0,0,0,0,0,0,0,0,724,0,0,14,0,0,0,0,0,0,0,0,0,0,0,0,0,0,0,0,0,19,0,0,0,0,2323,0,15,0,0,180,0,0,0,0,0,0,0,0,0,0,0,0,0,0,0,0,0,0,0,60,0,0,0,155,0,0,0,0,0,0,0,0,0,0,0,0,0,0,0,0,0,0,0,0,0,520,0,0,0,0,0,0,0,0,0,0,0,0,0,0
"58","Long","High",56,2,16,0.102974559686888,0.00986301369863014,0.235185909980431,4.91,-2.13845740594505,0.777070063694268,NA,NA,NA,NA,NA,NA,150.90987,-32.79934,0,0,494,0,0,0,0,0,0,0,0,0,0,0,0,0,0,209,0,15,0,0,0,0,0,0,0,0,0,0,0,0,0,0,0,0,0,0,0,0,335,0,0,12,0,0,0,0,0,0,15,0,0,0,218,0,0,0,0,0,0,0,0,0,0,0,0,0,0,0,0,5816,46,0,32,464,0,0,0,0,0,0,0,0,0,0,0,0,0,0,0,0,0,0,0,0,0,759,0,24074,0,0,14311,0,0,0,0,0,0,0,0,0,0,0,0,0,0,0,0,0,0,0,0,0,0,0,116,0,0,0,0,0,0,0,0,0,0,0,0,0,0,0,0,0,0,0,0,0,0,0,0,0,0,0,0,0,0,0,0,0,0,0,0
"61","Long","High",56,2,33,0.10339161832123,0.20018053470729,2.42644732037811,5.01,-2.60263520630214,0.777070063694268,NA,NA,NA,NA,NA,NA,150.90987,-32.79934,0,0,24,0,0,0,23,0,0,0,0,0,0,15,0,0,0,0,0,10,20,0,0,0,0,0,0,0,0,0,0,0,0,0,12,0,0,0,0,0,0,0,0,0,0,0,0,0,0,0,0,0,0,0,32,0,0,0,0,0,0,0,0,0,0,0,0,0,0,0,0,38,0,0,0,0,0,0,0,0,0,0,0,0,0,0,0,0,0,0,0,0,0,0,0,0,0,0,0,36,0,17116,31,0,0,0,0,0,0,0,0,0,0,0,0,0,0,0,0,0,0,0,0,0,0,0,0,0,0,0,0,0,0,0,0,0,0,0,0,0,0,0,0,0,0,0,0,0,234,5220,23,28,0,0,0,0,0,0,0,0,0,0,0
"69","Long","High",56,2,47,0.056717256885891,0.175407532321529,0.814052838673412,5.08,-2.51416113177105,0.777070063694268,NA,NA,NA,NA,NA,NA,150.90987,-32.79934,0,0,29,0,28,23,0,0,0,0,0,0,0,0,14,0,0,12,0,23,0,0,0,0,0,0,0,0,0,0,0,0,0,0,0,0,0,0,0,0,0,0,0,0,0,0,0,0,0,0,0,0,0,0,0,0,0,0,0,0,0,0,0,0,0,0,0,0,0,0,0,0,0,0,0,1593,0,0,0,0,0,0,0,0,0,0,0,0,0,0,0,0,0,0,0,0,0,0,0,0,0,0,0,0,0,0,0,0,7997,0,0,0,0,0,0,42,0,0,0,0,0,0,0,0,0,0,0,0,0,0,0,0,0,0,0,0,0,0,0,0,0,0,0,0,0,0,0,0,0,0,0,0,0,0,0,0,0,0,0,0,0,0,0
