"Transect","Location","Res_total_Location","myc_2nd_w","Res_remain_w","mean_undam_resin_w","myc_w_per_bead","hypo_bag","myc_2nd_w_est_yield","harvest_date","X1st_Soil_Sample","Bag_Install","Pair","Latitude","Longitude","Site_Pair","Days_Installed","log10_myc_2nd_w_est_yield","Biomass_day","log10_biomass_day","biomass_g_ha_day","Vegetation.Class","Vegetation.Class_abbreviation","Fire.Interval","Most.Recent.Fire_Year","X2nd.Most.Recent.Fire_Year","X3rd.Most.Recent.Fire_Year","Fire.Severity","FESM_Fire.Severity.Category","Fire.Type","Sample.Date_Fieldwork","Tree.Basal.Area_m2","Litter.Cover_20mm_perc","Mean.Litter.Depth_mm","Herb.Cover_0.50cm_perc","Shrub.Cover_50.200cm_perc","Shrub.Connected_50.200cm_perc","Mean.Max.Shrub.Height_cm","Herb.Shrub.Connected_0.200cm_perc","All.Tree.Canopy.Cover_perc","Live.Tree.Canopy.Cover_perc","Dead.Tree.Canopy.Cover_perc","Bray.P","NH4","NO3","Total.P","Carbon","Nitrogen","Count","pH","Ammonia_mg_kg","Nitrate_mg_kg","Ortho_P_mg_kg","Regime","Sample","Carb_Hyph","Nitrog_Hyph","Hydrogen","Sample_mg_CN","C_N","Sample_mg_P","Phos_Hyph","C_P","N_P","diff1","diff2","fire.frequency","myco_host_total","perc_myco_host_freq","Site","Tube_ID"
1,3,28.071,1.339,27.025,27.6395,0.0495467160037003,27.6395,1.36944645698427,"2024-03-09","2023-10-18","2023-10-18",1,-33.5781,150.27821,"49-5",143,0.13654505675,0.00957654865023968,-2.01879098071506,638.436576682645,"Sydney Montane DSF","SM","Short",2019,2013,2006,"Low",3,"Wildfire","2022-08-02",58212.91,36.734693877551,14.2777777777778,54,40,2,59.46,32,38,37,1,1.69467787114846,4.186,0.1855,76.5,3.3293,0.03071,1,5.34,0.00932469935245144,0.00932469935245144,0.0357446808510638,"Short_Low",5.1,44.9728858095816,3.17806103699212,6.191381594906,1.649,14.1510453342791,1.986,0.0133043806646526,3380.30660300233,238.873279192595,6,7,6.5,119,0.691860465116279,5,"73"
1,16.1,26.076,0.858,25.036,27.6395,0.0342706502636204,27.6395,0.947223637961335,"2024-03-09","2023-10-18","2023-10-18",1,-33.5781,150.27821,"49-5",143,-0.0235474726692145,0.00662394152420514,-2.17888351013428,441.596101613676,"Sydney Montane DSF","SM","Short",2019,2013,2006,"Low",3,"Wildfire","2022-08-02",58212.91,36.734693877551,14.2777777777778,54,40,2,59.46,32,38,37,1,1.69467787114846,4.186,0.1855,76.5,3.3293,0.03071,1,5.29,0.0100655056718326,0.00611119987218406,0.00173749800287586,"Short_Low",5.1,44.9728858095816,3.17806103699212,6.191381594906,1.649,14.1510453342791,1.986,0.0133043806646526,3380.30660300233,238.873279192595,6,7,6.5,119,0.691860465116279,5,"93"
1,16.2,25.837,3.287,24.85,27.6395,0.132273641851107,27.6395,3.65597732394366,"2024-03-09","2023-10-18","2023-10-18",1,-33.5781,150.27821,"49-5",143,0.563003493375612,0.025566274992613,-1.59233254408945,1704.41833284087,"Sydney Montane DSF","SM","Short",2019,2013,2006,"Low",3,"Wildfire","2022-08-02",58212.91,36.734693877551,14.2777777777778,54,40,2,59.46,32,38,37,1,1.69467787114846,4.186,0.1855,76.5,3.3293,0.03071,1,5.26,2.06846076458752,0.0980885311871227,0.031327967806841,"Short_Low",5.1,44.9728858095816,3.17806103699212,6.191381594906,1.649,14.1510453342791,1.986,0.0133043806646526,3380.30660300233,238.873279192595,6,7,6.5,119,0.691860465116279,5,"94"
1,47,27.208,3.376,26.218,27.6395,0.128766496300252,27.6395,3.55904157449081,"2024-03-09","2023-10-18","2023-10-18",1,-33.5781,150.27821,"49-5",143,0.551333061189147,0.0248884026188168,-1.60400297627591,1659.22684125446,"Sydney Montane DSF","SM","Short",2019,2013,2006,"Low",3,"Wildfire","2022-08-02",58212.91,36.734693877551,14.2777777777778,54,40,2,59.46,32,38,37,1,1.69467787114846,4.186,0.1855,76.5,3.3293,0.03071,1,5.14,0.00961171714089557,0.00961171714089557,0.0325539705545808,"Short_Low",5.1,44.9728858095816,3.17806103699212,6.191381594906,1.649,14.1510453342791,1.986,0.0133043806646526,3380.30660300233,238.873279192595,6,7,6.5,119,0.691860465116279,5,"91"
2,3,27.871,0.547,26.833,27.5046666666667,0.0203853464018187,27.5046666666667,0.560692157666555,"2024-03-09","2023-10-18","2023-10-18",1,-33.5781,150.27821,"49-5",143,-0.251275518283455,0.0039209241794864,-2.40661155574852,261.394945299093,"Sydney Montane DSF","SM","Short",2019,2013,2006,"Low",3,"Wildfire","2022-08-02",58212.91,31.6326530612245,12.2258064516129,66,26,0,90.98,22,26,17,9,1.93837535014006,9.228,0.204,101,2.2253,0.02246,1,5.23,0.681325233853837,0.0669977266798345,0.0494167629411546,"Short_Low",5.2,41.9787969811321,3.51453886792454,6.4082893081761,0.795,11.9443257163128,NA,NA,NA,NA,6,7,6.5,150,0.728155339805825,5,"80"
2,16,13.615,0.278,12.545,27.5046666666667,0.0221602231964926,27.5046666666667,0.609509552278464,"2024-03-09","2023-10-18","2023-10-18",1,-33.5781,150.27821,"49-5",143,-0.21501948369725,0.00426230456138786,-2.37035552116231,284.153637425857,"Sydney Montane DSF","SM","Short",2019,2013,2006,"Low",3,"Wildfire","2022-08-02",58212.91,31.6326530612245,12.2258064516129,66,26,0,90.98,22,26,17,9,1.93837535014006,9.228,0.204,101,2.2253,0.02246,1,5.26,0.016141889198884,0.00352730171383021,0.0638501394978079,"Short_Low",5.2,41.9787969811321,3.51453886792454,6.4082893081761,0.795,11.9443257163128,NA,NA,NA,NA,6,7,6.5,150,0.728155339805825,5,"89"
2,33,25.392,0.67,24.432,27.5046666666667,0.0274230517354289,27.5046666666667,0.754261896965728,"2024-03-09","2023-10-18","2023-10-18",1,-33.5781,150.27821,"49-5",143,-0.122477830976217,0.00527455872004005,-2.27781386844128,351.63724800267,"Sydney Montane DSF","SM","Short",2019,2013,2006,"Low",3,"Wildfire","2022-08-02",58212.91,31.6326530612245,12.2258064516129,66,26,0,90.98,22,26,17,9,1.93837535014006,9.228,0.204,101,2.2253,0.02246,1,5.68,0.0959602161100196,0.0103143418467584,0.0352406679764244,"Short_Low",5.2,41.9787969811321,3.51453886792454,6.4082893081761,0.795,11.9443257163128,NA,NA,NA,NA,6,7,6.5,150,0.728155339805825,5,"78"
2,47,29.251,1.183,28.221,27.5046666666667,0.0419191382303958,27.5046666666667,1.15297192398096,"2024-03-09","2023-10-18","2023-10-18",1,-33.5781,150.27821,"49-5",143,0.0618187319186359,0.00806274072713958,-2.09351730554643,537.516048475972,"Sydney Montane DSF","SM","Short",2019,2013,2006,"Low",3,"Wildfire","2022-08-02",58212.91,31.6326530612245,12.2258064516129,66,26,0,90.98,22,26,17,9,1.93837535014006,9.228,0.204,101,2.2253,0.02246,1,5.47,0.00818539385563942,0.0734559370681407,0.0358243860954608,"Short_Low",5.2,41.9787969811321,3.51453886792454,6.4082893081761,0.795,11.9443257163128,NA,NA,NA,NA,6,7,6.5,150,0.728155339805825,5,"72"
1,3,11.38,0.21,10.35,31.375,0.0202898550724638,31.375,0.636594202898551,"2024-03-08","2023-10-18","2023-10-18",3,-33.63916,150.36966,"34-7",142,-0.196137320569923,0.0044830577668912,-2.34842566495298,298.870517792747,"Sydney Montane DSF","SM","Long",2019,2002,NA,"Low",3,"Wildfire","2022-08-05",36389.88,34.6938775510204,6.68235294117647,70,44,0,104.376,44,33,26,7,1.50350140056022,3.5055,0.1275,46.7,4.0009,0.03869,1,4.83,1.92528985507246,0.0243478260869565,0.068695652173913,"Long_Low",7.1,48.1413645619758,3.22852621155638,6.69884692451072,1.073,14.9112509570638,1.824,0.00759046052631579,6342.35095421046,425.33996459941,17,NA,17,154,0.652542372881356,7,"38"
1,16,33,0.469,32.02,31.375,0.0146470955652717,31.375,0.4595526233604,"2024-03-08","2023-10-18","2023-10-18",3,-33.63916,150.36966,"34-7",142,-0.337664750379103,0.00323628608000281,-2.48995309476216,215.752405333521,"Sydney Montane DSF","SM","Long",2019,2002,NA,"Low",3,"Wildfire","2022-08-05",36389.88,34.6938775510204,6.68235294117647,70,44,0,104.376,44,33,26,7,1.50350140056022,3.5055,0.1275,46.7,4.0009,0.03869,1,5.35,0.0697298563397876,0.00787008119925047,0.0535915053091818,"Long_Low",7.1,48.1413645619758,3.22852621155638,6.69884692451072,1.073,14.9112509570638,1.824,0.00759046052631579,6342.35095421046,425.33996459941,17,NA,17,154,0.652542372881356,7,"27"
1,33,29.75,3.57,28.69,31.375,0.124433600557686,31.375,3.90410421749739,"2024-03-08","2023-10-18","2023-10-18",3,-33.63916,150.36966,"34-7",142,0.591521402355289,0.0274936916725168,-1.56076694202777,1832.91277816779,"Sydney Montane DSF","SM","Long",2019,2002,NA,"Low",3,"Wildfire","2022-08-05",36389.88,34.6938775510204,6.68235294117647,70,44,0,104.376,44,33,26,7,1.50350140056022,3.5055,0.1275,46.7,4.0009,0.03869,1,5.18,0.446314046706169,0.00878354827466016,0.00376437783199721,"Long_Low",7.1,48.1413645619758,3.22852621155638,6.69884692451072,1.073,14.9112509570638,1.824,0.00759046052631579,6342.35095421046,425.33996459941,17,NA,17,154,0.652542372881356,7,"13"
1,47,14.56,0.157,13.58,31.375,0.0115611192930781,31.375,0.362730117820324,"2024-03-08","2023-10-18","2023-10-18",3,-33.63916,150.36966,"34-7",142,-0.440416383046155,0.0025544374494389,-2.59270472742921,170.295829962593,"Sydney Montane DSF","SM","Long",2019,2002,NA,"Low",3,"Wildfire","2022-08-05",36389.88,34.6938775510204,6.68235294117647,70,44,0,104.376,44,33,26,7,1.50350140056022,3.5055,0.1275,46.7,4.0009,0.03869,1,4.79,0.51389911634757,0.0185567010309278,0.0462812960235641,"Long_Low",7.1,48.1413645619758,3.22852621155638,6.69884692451072,1.073,14.9112509570638,1.824,0.00759046052631579,6342.35095421046,425.33996459941,17,NA,17,154,0.652542372881356,7,"37"
2,3,28.814,4.655,27.869,28.324,0.167031468656931,28.324,4.7309993182389,"2024-03-08","2023-10-18","2023-10-18",3,-33.63916,150.36966,"34-7",142,0.674952885464523,0.0333168966073162,-1.47733545891853,2221.12644048775,"Sydney Montane DSF","SM","Long",2019,2002,NA,"Low",3,"Wildfire","2022-08-05",36389.88,30.6122448979592,8.13333333333333,60,32,2,82.88,32,33,23,10,0.05,3.924,0.2135,56.3,3.7072,0.06081,1,5.22,0.00904230507014963,0.00939215615917327,0.0290107287667301,"Long_Low",7.2,45.4854156928949,3.65168410158543,6.6278990017616,1.703,12.4560105495288,1.975,0.0249303797468354,1824.49750684879,146.475269878268,17,NA,17,142,0.609442060085837,7,"77"
2,16,27.773,2.049,26.79,28.324,0.0764837625979843,28.324,2.16632609182531,"2024-03-08","2023-10-18","2023-10-18",3,-33.63916,150.36966,"34-7",142,0.335723830507649,0.0152558175480655,-1.81656451387541,1017.05450320437,"Sydney Montane DSF","SM","Long",2019,2002,NA,"Low",3,"Wildfire","2022-08-05",36389.88,30.6122448979592,8.13333333333333,60,32,2,82.88,32,33,23,10,0.05,3.924,0.2135,56.3,3.7072,0.06081,1,5.37,0.0354423292273236,0.0129619260918253,0.00403135498320269,"Long_Low",7.2,45.4854156928949,3.65168410158543,6.6278990017616,1.703,12.4560105495288,1.975,0.0249303797468354,1824.49750684879,146.475269878268,17,NA,17,142,0.609442060085837,7,"52"
2,33,28.885,0.279,27.847,28.324,0.0100190325708335,28.324,0.283779078536288,"2024-03-08","2023-10-18","2023-10-18",3,-33.63916,150.36966,"34-7",142,-0.547019625831218,0.00199844421504428,-2.69930797021427,133.229614336285,"Sydney Montane DSF","SM","Long",2019,2002,NA,"Low",3,"Wildfire","2022-08-05",36389.88,30.6122448979592,8.13333333333333,60,32,2,82.88,32,33,23,10,0.05,3.924,0.2135,56.3,3.7072,0.06081,1,5.25,0.141828563220455,0.0807178511150214,0.0314576076417568,"Long_Low",7.2,45.4854156928949,3.65168410158543,6.6278990017616,1.703,12.4560105495288,1.975,0.0249303797468354,1824.49750684879,146.475269878268,17,NA,17,142,0.609442060085837,7,"44"
2,47,27.824,2.868,26.834,28.324,0.106879332190505,28.324,3.02725020496385,"2024-03-08","2023-10-18","2023-10-18",3,-33.63916,150.36966,"34-7",142,0.481048317271237,0.0213186634152384,-1.67124002711182,1421.24422768256,"Sydney Montane DSF","SM","Long",2019,2002,NA,"Low",3,"Wildfire","2022-08-05",36389.88,30.6122448979592,8.13333333333333,60,32,2,82.88,32,33,23,10,0.05,3.924,0.2135,56.3,3.7072,0.06081,1,5.45,0.830383096072147,0.0967615711410897,0.11118357307893,"Long_Low",7.2,45.4854156928949,3.65168410158543,6.6278990017616,1.703,12.4560105495288,1.975,0.0249303797468354,1824.49750684879,146.475269878268,17,NA,17,142,0.609442060085837,7,"79"
1,3,26.833,1.096,25.801,27.714,0.0424789736831906,27.714,1.17726227665594,"2024-03-08","2023-10-18","2023-10-18",4,-33.65039,150.32069,"26-8",142,0.0708732280220718,0.00829057941307003,-2.08141511636098,552.705294204668,"Sydney Montane DSF","SM","Long",2019,2002,NA,"Low",2,"Wildfire","2022-07-27",50661.65,41.8367346938776,10.2682926829268,52,40,0,92.46,36,34,1,0,1.68977591036415,5.585,0.218,81,2.9789,0.04442,1,5.35,0.00999961241812333,0.019621332506492,0.0441261966590442,"Long_Low",8.1,45.300884198895,2.59118955801105,6.23499475138121,0.905,17.4826592901475,1.892,0.0399378964059197,1134.28318152932,64.8804717122502,17,NA,17,118,0.715151515151515,8,"65"
1,16,14.398,0.415,13.336,27.714,0.031118776244751,27.714,0.862425764847031,"2024-03-08","2023-10-18","2023-10-18",4,-33.65039,150.32069,"26-8",142,-0.0642782774776658,0.00607342087920444,-2.21656662186072,404.894725280296,"Sydney Montane DSF","SM","Long",2019,2002,NA,"Low",2,"Wildfire","2022-07-27",50661.65,41.8367346938776,10.2682926829268,52,40,0,92.46,36,34,1,0,1.68977591036415,5.585,0.218,81,2.9789,0.04442,1,5.49,1.76792141571686,0.0649557588482303,0.0611877624475105,"Long_Low",8.1,45.300884198895,2.59118955801105,6.23499475138121,0.905,17.4826592901475,1.892,0.0399378964059197,1134.28318152932,64.8804717122502,17,NA,17,118,0.715151515151515,8,"70"
1,33,28.749,1.685,27.722,27.714,0.0607820503571171,27.714,1.68451374359714,"2024-03-08","2023-10-18","2023-10-18",4,-33.65039,150.32069,"26-8",142,0.226474558649909,0.0118627728422334,-1.92581378573315,790.85152281556,"Sydney Montane DSF","SM","Long",2019,2002,NA,"Low",2,"Wildfire","2022-07-27",50661.65,41.8367346938776,10.2682926829268,52,40,0,92.46,36,34,1,0,1.68977591036415,5.585,0.218,81,2.9789,0.04442,1,5.48,0.00909025322848279,0.00909025322848279,0.0315994516990116,"Long_Low",8.1,45.300884198895,2.59118955801105,6.23499475138121,0.905,17.4826592901475,1.892,0.0399378964059197,1134.28318152932,64.8804717122502,17,NA,17,118,0.715151515151515,8,"55"
1,47,27.56,1.813,26.529,27.714,0.0683403068340307,27.714,1.89398326359833,"2024-03-08","2023-10-18","2023-10-18",4,-33.65039,150.32069,"26-8",142,0.277376136990904,0.0133379103070305,-1.87491220739215,889.194020468698,"Sydney Montane DSF","SM","Long",2019,2002,NA,"Low",2,"Wildfire","2022-07-27",50661.65,41.8367346938776,10.2682926829268,52,40,0,92.46,36,34,1,0,1.68977591036415,5.585,0.218,81,2.9789,0.04442,1,5.51,0.00949903878774172,0.00949903878774172,0.056768065136266,"Long_Low",8.1,45.300884198895,2.59118955801105,6.23499475138121,0.905,17.4826592901475,1.892,0.0399378964059197,1134.28318152932,64.8804717122502,17,NA,17,118,0.715151515151515,8,"63"
2,3,14.201,0.276,13.124,28.42025,0.0210301737275221,28.42025,0.59768279487961,"2024-03-08","2023-10-18","2023-10-18",4,-33.65039,150.32069,"26-8",142,-0.223529245749708,0.00420903376675782,-2.37581759013276,280.602251117188,"Sydney Montane DSF","SM","Long",2019,2002,NA,"Low",2,"Wildfire","2022-07-27",50661.65,36.734693877551,13.8472222222222,44,42,0,71.66,36,33,0,0,1.48459383753501,8.314,0.1035,85.3,6.9823,0.09722,1,5.25,0.401573453215483,0.0192014629686071,0.0633191100274307,"Long_Low",8.2,46.1368429946524,4.71745721925134,6.73782727272727,0.935,9.78002361237615,NA,NA,NA,NA,17,NA,17,150,0.769230769230769,8,"64"
2,16,28.0895,0.92,27.065,28.42025,0.0339922409015333,28.42025,0.966067984481803,"2024-03-08","2023-10-18","2023-10-18",4,-33.65039,150.32069,"26-8",142,-0.0149923101824407,0.00680329566536481,-2.1672806545655,453.553044357654,"Sydney Montane DSF","SM","Long",2019,2002,NA,"Low",2,"Wildfire","2022-07-27",50661.65,36.734693877551,13.8472222222222,44,42,0,71.66,36,33,0,0,1.48459383753501,8.314,0.1035,85.3,6.9823,0.09722,1,5.21,0.480703861075189,0.0086181415111768,0.0284869757990024,"Long_Low",8.2,46.1368429946524,4.71745721925134,6.73782727272727,0.935,9.78002361237615,NA,NA,NA,NA,17,NA,17,150,0.769230769230769,8,"56"
2,33,28.751,0.928,27.72,28.42025,0.0334776334776335,28.42025,0.951442712842713,"2024-03-08","2023-10-18","2023-10-18",4,-33.65039,150.32069,"26-8",142,-0.0216173558218229,0.00670030079466699,-2.17390570020488,446.686719644466,"Sydney Montane DSF","SM","Long",2019,2002,NA,"Low",2,"Wildfire","2022-07-27",50661.65,36.734693877551,13.8472222222222,44,42,0,71.66,36,33,0,0,1.48459383753501,8.314,0.1035,85.3,6.9823,0.09722,1,5.17,0.00909090909090909,0.00227272727272727,0.0313311688311688,"Long_Low",8.2,46.1368429946524,4.71745721925134,6.73782727272727,0.935,9.78002361237615,NA,NA,NA,NA,17,NA,17,150,0.769230769230769,8,"62"
2,47,14.217,0.095,13.261,28.42025,0.00716386396199382,28.42025,0.203598804765855,"2024-03-08","2023-10-18","2023-10-18",4,-33.65039,150.32069,"26-8",142,-0.691224775869255,0.00143379439975954,-2.84351312025231,95.5862933173027,"Sydney Montane DSF","SM","Long",2019,2002,NA,"Low",2,"Wildfire","2022-07-27",50661.65,36.734693877551,13.8472222222222,44,42,0,71.66,36,33,0,0,1.48459383753501,8.314,0.1035,85.3,6.9823,0.09722,1,5.25,0.366431641655984,0.0190030917728678,0.0530502978659226,"Long_Low",8.2,46.1368429946524,4.71745721925134,6.73782727272727,0.935,9.78002361237615,NA,NA,NA,NA,17,NA,17,150,0.769230769230769,8,"71"
1,3,28.38,0.428,27.34,28.12,0.0156547183613753,28.12,0.440210680321873,"2024-03-06","2023-10-18","2023-10-18",2,-33.48607,150.40622,"10-56",140,-0.356339424870845,0.00314436200229909,-2.50246746054908,209.624133486606,"Sydney Montane DSF","SM","Short",2019,2013,2005,"High",4,"Wildfire","2022-08-16",34679.44,25.5102040816327,9.04,60,30,6,104.8,28,17,17,0,2.83613445378151,5.8655,0.176,167.7,8.2219,0.11274,1,5.17,0.198856986100951,0.00921726408193124,0.0287490855888808,"Short_High",10.1,44.9555159462617,3.61189813084112,6.65191325934579,0.856,12.4465071598774,NA,NA,NA,NA,6,8,7,159,0.726027397260274,10,"43"
1,16,28.12,0.899,27.11,28.12,0.033161195130948,28.12,0.932492807082258,"2024-03-06","2023-10-18","2023-10-18",2,-33.48607,150.40622,"10-56",140,-0.0303545094994703,0.00666066290773041,-2.17648254517771,444.044193848694,"Sydney Montane DSF","SM","Short",2019,2013,2005,"High",4,"Wildfire","2022-08-16",34679.44,25.5102040816327,9.04,60,30,6,104.8,28,17,17,0,2.83613445378151,5.8655,0.176,167.7,8.2219,0.11274,1,5.27,0.578559572113611,0.0778218369605312,0.0378458133530063,"Short_High",10.1,44.9555159462617,3.61189813084112,6.65191325934579,0.856,12.4465071598774,NA,NA,NA,NA,6,8,7,159,0.726027397260274,10,"40"
1,33,24.766,0.735,23.766,28.12,0.0309265337036102,28.12,0.869654127745519,"2024-03-06","2023-10-18","2023-10-18",2,-33.48607,150.40622,"10-56",140,-0.0606534373559552,0.00621181519818228,-2.20678147303419,414.121013212152,"Sydney Montane DSF","SM","Short",2019,2013,2005,"High",4,"Wildfire","2022-08-16",34679.44,25.5102040816327,9.04,60,30,6,104.8,28,17,17,0,2.83613445378151,5.8655,0.176,167.7,8.2219,0.11274,1,4.89,0.0162837667255743,0.029916687705125,0.0321257258268114,"Short_High",10.1,44.9555159462617,3.61189813084112,6.65191325934579,0.856,12.4465071598774,NA,NA,NA,NA,6,8,7,159,0.726027397260274,10,"41"
1,47,27.86,0.557,26.85,28.12,0.0207448789571695,28.12,0.583345996275605,"2024-03-06","2023-10-18","2023-10-18",2,-33.48607,150.40622,"10-56",140,-0.234073778514059,0.00416675711625432,-2.3802018141923,277.783807750288,"Sydney Montane DSF","SM","Short",2019,2013,2005,"High",4,"Wildfire","2022-08-16",34679.44,25.5102040816327,9.04,60,30,6,104.8,28,17,17,0,2.83613445378151,5.8655,0.176,167.7,8.2219,0.11274,1,5.42,0.00533519553072626,0.00756983240223464,0.0309497206703911,"Short_High",10.1,44.9555159462617,3.61189813084112,6.65191325934579,0.856,12.4465071598774,NA,NA,NA,NA,6,8,7,159,0.726027397260274,10,"42"
2,3,28.723,0.842,27.743,28.19075,0.0303499981977436,28.19075,0.85558921169304,"2024-03-08","2023-10-18","2023-10-18",2,-33.48607,150.40622,"10-56",142,-0.0677347001777897,0.00602527613868338,-2.22002304456085,401.685075912225,"Sydney Montane DSF","SM","Short",2019,2013,2005,"High",4,"Wildfire","2022-08-16",34679.44,29.5918367346939,5.6551724137931,74,28,0,90.04,24,11,11,0,2.39635854341737,5.2345,0.0175,98.7,5.5992,0.14579,1,4.77,0.0625563205132826,0.00908337238222254,0.0315755325667736,"Short_High",10.2,48.5355832892999,3.64212912813739,6.66379656538969,0.757,13.3261566467637,1.789,0.0217453884851873,2231.99430639567,167.489724573942,6,8,7,143,0.740932642487047,10,"86"
2,16,29.2,1.239,28.163,28.19075,0.0439938926960906,28.19075,1.24022083052232,"2024-03-08","2023-10-18","2023-10-18",2,-33.48607,150.40622,"10-56",142,0.0934990214029044,0.00873394951072054,-2.05878932298015,582.263300714703,"Sydney Montane DSF","SM","Short",2019,2013,2005,"High",4,"Wildfire","2022-08-16",34679.44,29.5918367346939,5.6551724137931,74,28,0,90.04,24,11,11,0,2.39635854341737,5.2345,0.0175,98.7,5.5992,0.14579,1,5.23,0.332670525157121,0.128093597983169,0.0217839008628342,"Short_High",10.2,48.5355832892999,3.64212912813739,6.66379656538969,0.757,13.3261566467637,1.789,0.0217453884851873,2231.99430639567,167.489724573942,6,8,7,143,0.740932642487047,10,"74"
2,33,28.383,2.476,27.397,28.19075,0.0903748585611563,28.19075,2.54773504398292,"2024-03-08","2023-10-18","2023-10-18",2,-33.48607,150.40622,"10-56",142,0.406154260822123,0.0179417960843867,-1.74613408356093,1196.11973895912,"Sydney Montane DSF","SM","Short",2019,2013,2005,"High",4,"Wildfire","2022-08-16",34679.44,29.5918367346939,5.6551724137931,74,28,0,90.04,24,11,11,0,2.39635854341737,5.2345,0.0175,98.7,5.5992,0.14579,1,5.42,0.438579041500894,0.0321385553162755,0.0371756031682301,"Short_High",10.2,48.5355832892999,3.64212912813739,6.66379656538969,0.757,13.3261566467637,1.789,0.0217453884851873,2231.99430639567,167.489724573942,6,8,7,143,0.740932642487047,10,"83"
2,47,26.457,0.582,25.431,28.19075,0.0228854547599387,28.19075,0.645158133773741,"2024-03-08","2023-10-18","2023-10-18",2,-33.48607,150.40622,"10-56",142,-0.190333823026691,0.0045433671392517,-2.34262216740975,302.89114261678,"Sydney Montane DSF","SM","Short",2019,2013,2005,"High",4,"Wildfire","2022-08-16",34679.44,29.5918367346939,5.6551724137931,74,28,0,90.04,24,11,11,0,2.39635854341737,5.2345,0.0175,98.7,5.5992,0.14579,1,5.31,0.220744367111006,0.00990916597853014,0.0589241476937596,"Short_High",10.2,48.5355832892999,3.64212912813739,6.66379656538969,0.757,13.3261566467637,1.789,0.0217453884851873,2231.99430639567,167.489724573942,6,8,7,143,0.740932642487047,10,"92"
1,3,28.752,4.121,27.681,28.4243333333333,0.14887467938297,28.4243333333333,4.23166351167467,"2024-03-08","2023-10-18","2023-10-18",5,-33.51962,150.35631,"11-29",142,0.626511126694224,0.0298004472653146,-1.52577721768883,1986.69648435431,"Sydney Montane DSF","SM","Short",2019,2013,2011,"High",5,"Wildfire","2022-08-09",53938.73,27.5510204081633,10.9285714285714,68,36,0,94.78,32,20,7,13,1.62254901960784,1.9035,0.125,106.1,3.2763,0.03378,1,5.23,0.00910371735125176,0.00566272894765363,0.0378779668364582,"Short_High",11.1,49.1687603699212,4.19953453608248,6.93373923590055,1.649,11.7081452593049,1.988,2.88e-06,17072486.239556,1458171.71391753,6,2,4,117,0.73125,11,"90"
1,16,15.474,0.894,14.474,28.4243333333333,0.0617659251070886,28.4243333333333,1.75565524388559,"2024-03-08","2023-10-18","2023-10-18",5,-33.51962,150.35631,"11-29",142,0.24443923800638,0.0123637693231379,-1.90784910637668,824.251288209196,"Sydney Montane DSF","SM","Short",2019,2013,2011,"High",5,"Wildfire","2022-08-09",53938.73,27.5510204081633,10.9285714285714,68,36,0,94.78,32,20,7,13,1.62254901960784,1.9035,0.125,106.1,3.2763,0.03378,1,5.09,0.174623462760813,0.0174105292248169,0.019586845377919,"Short_High",11.1,49.1687603699212,4.19953453608248,6.93373923590055,1.649,11.7081452593049,1.988,2.88e-06,17072486.239556,1458171.71391753,6,2,4,117,0.73125,11,"88"
1,33,27.954,0.535,26.922,28.4243333333333,0.019872223460367,28.4243333333333,0.564854703711958,"2024-03-08","2023-10-18","2023-10-18",5,-33.51962,150.35631,"11-29",142,-0.248063250394992,0.00397785002614055,-2.40035159477805,265.190001742703,"Sydney Montane DSF","SM","Short",2019,2013,2011,"High",5,"Wildfire","2022-08-09",53938.73,27.5510204081633,10.9285714285714,68,36,0,94.78,32,20,7,13,1.62254901960784,1.9035,0.125,106.1,3.2763,0.03378,1,5.01,0.0969188767550702,0.00415088032092712,0.0350456875417874,"Short_High",11.1,49.1687603699212,4.19953453608248,6.93373923590055,1.649,11.7081452593049,1.988,2.88e-06,17072486.239556,1458171.71391753,6,2,4,117,0.73125,11,"82"
1,47,28.567,0.513,27.605,28.4243333333333,0.0185835899293606,28.4243333333333,0.528226154682123,"2024-03-08","2023-10-18","2023-10-18",5,-33.51962,150.35631,"11-29",142,-0.277180098863844,0.00371990249776143,-2.4294684432469,247.993499850762,"Sydney Montane DSF","SM","Short",2019,2013,2011,"High",5,"Wildfire","2022-08-09",53938.73,27.5510204081633,10.9285714285714,68,36,0,94.78,32,20,7,13,1.62254901960784,1.9035,0.125,106.1,3.2763,0.03378,1,5.21,0.00260822314798044,0.00912878101793154,0.0135301575801485,"Short_High",11.1,49.1687603699212,4.19953453608248,6.93373923590055,1.649,11.7081452593049,1.988,2.88e-06,17072486.239556,1458171.71391753,6,2,4,117,0.73125,11,"76"
2,3,25.138,1.319,24.188,27.3763333333333,0.0545311724822226,27.3763333333333,1.49286355493082,"2024-03-08","2023-10-18","2023-10-18",5,-33.51962,150.35631,"11-29",142,0.174020115796992,0.0105131236262734,-1.97826822858606,700.874908418225,"Sydney Montane DSF","SM","Short",2019,2013,2011,"High",5,"Wildfire","2022-08-09",53938.73,24.4897959183673,7.375,64,22,0,41,16,15,7,8,0.400560224089636,2.5485,0.2895,77.9,1.706,0.04369,1,5.04,0.0404022655862411,0.0104183892839424,0.0312551678518274,"Short_High",11.2,41.3928002268977,3.07264490511551,6.14056951320132,1.212,13.4713907741128,0.5,NA,NA,NA,6,2,4,177,0.66044776119403,11,"95"
2,16,15.656,0.953,14.656,27.3763333333333,0.0650245633187773,27.3763333333333,1.78013412026929,"2024-03-08","2023-10-18","2023-10-18",5,-33.51962,150.35631,"11-29",142,0.250452724499083,0.0125361557765443,-1.90183561988397,835.743718436285,"Sydney Montane DSF","SM","Short",2019,2013,2011,"High",5,"Wildfire","2022-08-09",53938.73,24.4897959183673,7.375,64,22,0,41,16,15,7,8,0.400560224089636,2.5485,0.2895,77.9,1.706,0.04369,1,5.59,0.037049672489083,0.17127797489083,0.00757368995633188,"Short_High",11.2,41.3928002268977,3.07264490511551,6.14056951320132,1.212,13.4713907741128,0.5,NA,NA,NA,6,2,4,177,0.66044776119403,11,"87"
2,33,28.284,0.643,27.282,27.3763333333333,0.0235686533245363,27.3763333333333,0.645223309630281,"2024-03-08","2023-10-18","2023-10-18",5,-33.51962,150.35631,"11-29",142,-0.190289951479998,0.00454382612415691,-2.34257829586305,302.921741610461,"Sydney Montane DSF","SM","Short",2019,2013,2011,"High",5,"Wildfire","2022-08-09",53938.73,24.4897959183673,7.375,64,22,0,41,16,15,7,8,0.400560224089636,2.5485,0.2895,77.9,1.706,0.04369,1,5.14,0.193341763800308,0.00923685946778095,0.030734550252914,"Short_High",11.2,41.3928002268977,3.07264490511551,6.14056951320132,1.212,13.4713907741128,0.5,NA,NA,NA,6,2,4,177,0.66044776119403,11,"96"
2,47,28.707,0.441,27.696,27.3763333333333,0.01592287694974,27.3763333333333,0.435909987001733,"2024-03-08","2023-10-18","2023-10-18",5,-33.51962,150.35631,"11-29",142,-0.360603180878949,0.00306978864085728,-2.51289152526201,204.652576057152,"Sydney Montane DSF","SM","Short",2019,2013,2011,"High",5,"Wildfire","2022-08-09",53938.73,24.4897959183673,7.375,64,22,0,41,16,15,7,8,0.400560224089636,2.5485,0.2895,77.9,1.706,0.04369,1,5.04,0.00909878682842288,0.00909878682842288,0.00698656845753899,"Short_High",11.2,41.3928002268977,3.07264490511551,6.14056951320132,1.212,13.4713907741128,0.5,NA,NA,NA,6,2,4,177,0.66044776119403,11,"85"
1,3,26.847,1.786,25.85,26.4163333333333,0.0690909090909091,26.4163333333333,1.82512848484848,"2024-03-08","2023-09-27","2023-09-27",6,-33.52589,150.56587,"12-31",163,0.261293443201564,0.0111971072690091,-1.95089416120239,746.473817933941,"Sydney Coastal DSF","SC","Long",2019,2001,NA,"High",4,"Wildfire","2022-08-17",15743.3,23.469387755102,8.28260869565217,72,64,10,120.64,64,26,0,26,1.90826330532213,3.08,0.214,79.7,2.8202,0.05049,1,4.52,0.00974854932301741,0.00974854932301741,0.0559381044487427,"Long_High",12.1,44.1698250521921,2.68889759916493,5.82341423103688,1.437,16.4267412287882,0.615,NA,NA,NA,18,NA,18,176,0.709677419354839,12,"49"
1,16,26.655,0.218,25.665,26.4163333333333,0.0084940580557179,26.4163333333333,0.224381868952529,"2024-03-08","2023-09-27","2023-09-27",6,-33.52589,150.56587,"12-31",163,-0.649012238913179,0.00137657588314435,-2.86119984331714,91.7717255429568,"Sydney Coastal DSF","SC","Long",2019,2001,NA,"High",4,"Wildfire","2022-08-17",15743.3,23.469387755102,8.28260869565217,72,64,10,120.64,64,26,0,26,1.90826330532213,3.08,0.214,79.7,2.8202,0.05049,1,5.45,0.053156049094097,0.00981881940385739,0.0259497369959088,"Long_High",12.1,44.1698250521921,2.68889759916493,5.82341423103688,1.437,16.4267412287882,0.615,NA,NA,NA,18,NA,18,176,0.709677419354839,12,"48"
1,33,12.62,0.191,11.59,26.4163333333333,0.0164797238999137,26.4163333333333,0.435333879781421,"2024-03-08","2023-09-27","2023-09-27",6,-33.52589,150.56587,"12-31",163,-0.361177532636871,0.00267075999865902,-2.57336513704083,178.050666577268,"Sydney Coastal DSF","SC","Long",2019,2001,NA,"High",4,"Wildfire","2022-08-17",15743.3,23.469387755102,8.28260869565217,72,64,10,120.64,64,26,0,26,1.90826330532213,3.08,0.214,79.7,2.8202,0.05049,1,5.31,0.367234685073339,0.0454270923209664,0.056816220880069,"Long_High",12.1,44.1698250521921,2.68889759916493,5.82341423103688,1.437,16.4267412287882,0.615,NA,NA,NA,18,NA,18,176,0.709677419354839,12,"47"
1,47,25.747,0.97,24.76,26.4163333333333,0.0391760904684976,26.4163333333333,1.03488866451266,"2024-03-08","2023-09-27","2023-09-27",6,-33.52589,150.56587,"12-31",163,0.0148936299971625,0.00634901021173408,-2.1972939744068,423.267347448939,"Sydney Coastal DSF","SC","Long",2019,2001,NA,"High",4,"Wildfire","2022-08-17",15743.3,23.469387755102,8.28260869565217,72,64,10,120.64,64,26,0,26,1.90826330532213,3.08,0.214,79.7,2.8202,0.05049,1,5.31,0.0892669628432956,0.00209006462035541,0.0193255250403877,"Long_High",12.1,44.1698250521921,2.68889759916493,5.82341423103688,1.437,16.4267412287882,0.615,NA,NA,NA,18,NA,18,176,0.709677419354839,12,"45"
2,3,25.345,0.688,24.318,25.7275,0.0282918003125257,25.7275,0.727877292540505,"2024-03-08","2023-09-27","2023-09-27",6,-33.52589,150.56587,"12-31",163,-0.137941829017014,0.00446550486221169,-2.35012943342097,297.700324147446,"Sydney Coastal DSF","SC","Long",2019,2001,NA,"High",4,"Wildfire","2022-08-17",15743.3,21.4285714285714,5.69047619047619,58,36,2,66.2,34,32,2,30,1.50490196078431,11.163,0.2905,67.5,2.1151,0.017,1,4.83,0.086139896373057,0.0304095731556871,0.00444115470022206,"Long_High",12.2,42.0189712824548,4.23414677419355,6.0586898111723,1.271,9.9238343693123,0.785,0.0018343949044586,22906.1753171715,2308.19806787634,18,NA,18,192,0.786885245901639,12,"54"
2,16,25.751,0.757,24.687,25.7275,0.0306639121804999,25.7275,0.78890580062381,"2024-03-08","2023-09-27","2023-09-27",6,-33.52589,150.56587,"12-31",163,-0.10297485067097,0.00483991288726264,-2.31516245507493,322.660859150843,"Sydney Coastal DSF","SC","Long",2019,2001,NA,"High",4,"Wildfire","2022-08-17",15743.3,21.4285714285714,5.69047619047619,58,36,2,66.2,34,32,2,30,1.50490196078431,11.163,0.2905,67.5,2.1151,0.017,1,5.33,0.193036820998906,0.010207801676996,0.0406489245351805,"Long_High",12.2,42.0189712824548,4.23414677419355,6.0586898111723,1.271,9.9238343693123,0.785,0.0018343949044586,22906.1753171715,2308.19806787634,18,NA,18,192,0.786885245901639,12,"59"
2,33,25.761,0.967,24.773,25.7275,0.0390344326484479,25.7275,1.00425836596294,"2024-03-08","2023-09-27","2023-09-27",6,-33.52589,150.56587,"12-31",163,0.00184545830404123,0.00616109426971131,-2.21034214609992,410.739617980754,"Sydney Coastal DSF","SC","Long",2019,2001,NA,"High",4,"Wildfire","2022-08-17",15743.3,21.4285714285714,5.69047619047619,58,36,2,66.2,34,32,2,30,1.50490196078431,11.163,0.2905,67.5,2.1151,0.017,1,5.5,0.2406248738546,0.00968796673798087,0.0386913171598111,"Long_High",12.2,42.0189712824548,4.23414677419355,6.0586898111723,1.271,9.9238343693123,0.785,0.0018343949044586,22906.1753171715,2308.19806787634,18,NA,18,192,0.786885245901639,12,"68"
2,47,26.053,1.237,25.032,25.7275,0.0494167465643976,25.7275,1.27136934723554,"2024-03-08","2023-09-27","2023-09-27",6,-33.52589,150.56587,"12-31",163,0.104271736363795,0.0077998119462303,-2.10791586804016,519.98746308202,"Sydney Coastal DSF","SC","Long",2019,2001,NA,"High",4,"Wildfire","2022-08-17",15743.3,21.4285714285714,5.69047619047619,58,36,2,66.2,34,32,2,30,1.50490196078431,11.163,0.2905,67.5,2.1151,0.017,1,5.23,0.00853906999041227,0.0100671140939597,0.0263063279002876,"Long_High",12.2,42.0189712824548,4.23414677419355,6.0586898111723,1.271,9.9238343693123,0.785,0.0018343949044586,22906.1753171715,2308.19806787634,18,NA,18,192,0.786885245901639,12,"67"
1,3,26.026,1.503,25.016,26.72625,0.060081547809402,26.72625,1.60575446714103,"2024-03-06","2023-09-28","2023-09-28",4,-33.4982,150.50014,"26-8",160,0.205679138876704,0.0100359654196314,-1.99844084377922,669.064361308763,"Sydney Coastal DSF","SC","Short",2019,2013,2006,"Low",2,"Wildfire","2022-09-26",27642.28,39.7959183673469,25.2564102564103,82,52,8,133.54,50,42,39,16,1.73949579831933,6.337,0.178,57.8,4.5864,0.09911,1,5.3,0.0509673808762392,0.0100735529261273,0.0416133674448353,"Short_Low",26.1,44.3303466993756,3.40669553969672,6.12948461195362,1.121,13.0127116388341,1.988,0.0238316398390342,1860.14672086334,142.948431694442,6,7,6.5,200,0.858369098712446,26,"51"
1,16,26.24,1.529,25.21,26.72625,0.060650535501785,26.72625,1.62096137445458,"2024-03-06","2023-09-28","2023-09-28",4,-33.4982,150.50014,"26-8",160,0.209772666260547,0.0101310085903411,-1.99434731639538,675.400572689409,"Sydney Coastal DSF","SC","Short",2019,2013,2006,"Low",2,"Wildfire","2022-09-26",27642.28,39.7959183673469,25.2564102564103,82,52,8,133.54,50,42,39,16,1.73949579831933,6.337,0.178,57.8,4.5864,0.09911,1,5.47,0.0357001190003967,0.00493851646172154,0.0466481554938516,"Short_Low",26.1,44.3303466993756,3.40669553969672,6.12948461195362,1.121,13.0127116388341,1.988,0.0238316398390342,1860.14672086334,142.948431694442,6,7,6.5,200,0.858369098712446,26,"53"
1,33,27.969,1.372,26.979,26.72625,0.0508543682123133,26.72625,1.35914655843434,"2024-03-06","2023-09-28","2023-09-28",4,-33.4982,150.50014,"26-8",160,0.133266289762283,0.00849466599021461,-2.07085369289364,566.311066014307,"Sydney Coastal DSF","SC","Short",2019,2013,2006,"Low",2,"Wildfire","2022-09-26",27642.28,39.7959183673469,25.2564102564103,82,52,8,133.54,50,42,39,16,1.73949579831933,6.337,0.178,57.8,4.5864,0.09911,1,5.33,0.398921383298121,0.00934059824307795,0.0305237406872012,"Short_Low",26.1,44.3303466993756,3.40669553969672,6.12948461195362,1.121,13.0127116388341,1.988,0.0238316398390342,1860.14672086334,142.948431694442,6,7,6.5,200,0.858369098712446,26,"50"
1,47,26.67,1.056,25.67,26.72625,0.0411375146084924,26.72625,1.09945149980522,"2024-03-06","2023-09-28","2023-09-28",4,-33.4982,150.50014,"26-8",160,0.0411760760510227,0.00687157187378263,-2.1629439066049,458.104791585509,"Sydney Coastal DSF","SC","Short",2019,2013,2006,"Low",2,"Wildfire","2022-09-26",27642.28,39.7959183673469,25.2564102564103,82,52,8,133.54,50,42,39,16,1.73949579831933,6.337,0.178,57.8,4.5864,0.09911,1,5.07,0.167442539929879,0.00014608492403584,0.0332489287105571,"Short_Low",26.1,44.3303466993756,3.40669553969672,6.12948461195362,1.121,13.0127116388341,1.988,0.0238316398390342,1860.14672086334,142.948431694442,6,7,6.5,200,0.858369098712446,26,"46"
2,3,27.203,0.453,26.22,27.421,0.0172768878718535,27.421,0.473749542334096,"2024-03-06","2023-09-28","2023-09-28",4,-33.4982,150.50014,"26-8",160,-0.324451196573998,0.0029609346395881,-2.52857117922992,197.395642639207,"Sydney Coastal DSF","SC","Short",2019,2013,2006,"Low",2,"Wildfire","2022-09-26",27642.28,33.6734693877551,18.2727272727273,96,30,2,76.36,30,41,41,11,0.535014005602241,5.0765,0.14,86.4,4.7465,0.08495,1,5.1,0.00961098398169337,0.00961098398169337,0.0419908466819222,"Short_Low",26.2,46.2754848478783,2.96049533626902,5.92946997598078,1.249,15.6309940032526,2.173,0.0301967326277036,1532.4666220816,98.0402539827421,6,7,6.5,144,0.727272727272727,26,"81"
2,16,27.791,1.353,26.792,27.421,0.050500149298298,27.421,1.38476459390863,"2024-03-06","2023-09-28","2023-09-28",4,-33.4982,150.50014,"26-8",160,0.141375950833048,0.00865477871192893,-2.06274403182288,576.985247461929,"Sydney Coastal DSF","SC","Short",2019,2013,2006,"Low",2,"Wildfire","2022-09-26",27642.28,33.6734693877551,18.2727272727273,96,30,2,76.36,30,41,41,11,0.535014005602241,5.0765,0.14,86.4,4.7465,0.08495,1,4.94,0.0651407136458644,0.00940579277396238,0.0391348163630935,"Short_Low",26.2,46.2754848478783,2.96049533626902,5.92946997598078,1.249,15.6309940032526,2.173,0.0301967326277036,1532.4666220816,98.0402539827421,6,7,6.5,144,0.727272727272727,26,"75"
2,33,27.309,0.762,26.296,27.421,0.0289777912990569,27.421,0.794600015211439,"2024-03-06","2023-09-28","2023-09-28",4,-33.4982,150.50014,"26-8",160,-0.099851430966732,0.00496625009507149,-2.30397141362266,331.083339671433,"Sydney Coastal DSF","SC","Short",2019,2013,2006,"Low",2,"Wildfire","2022-09-26",27642.28,33.6734693877551,18.2727272727273,96,30,2,76.36,30,41,41,11,0.535014005602241,5.0765,0.14,86.4,4.7465,0.08495,1,5.28,0.00958320657134165,0.00958320657134165,0.0393025555217524,"Short_Low",26.2,46.2754848478783,2.96049533626902,5.92946997598078,1.249,15.6309940032526,2.173,0.0301967326277036,1532.4666220816,98.0402539827421,6,7,6.5,144,0.727272727272727,26,"57"
2,47,27.381,3.446,26.343,27.421,0.130812739627225,27.421,3.58701613331815,"2024-03-06","2023-09-28","2023-09-28",4,-33.4982,150.50014,"26-8",160,0.554733330006128,0.0224188508332384,-1.6493866526498,1494.59005554923,"Sydney Coastal DSF","SC","Short",2019,2013,2006,"Low",2,"Wildfire","2022-09-26",27642.28,33.6734693877551,18.2727272727273,96,30,2,76.36,30,41,41,11,0.535014005602241,5.0765,0.14,86.4,4.7465,0.08495,1,4.68,0.168887370458945,0.00956610864366246,0.0232889192574878,"Short_Low",26.2,46.2754848478783,2.96049533626902,5.92946997598078,1.249,15.6309940032526,2.173,0.0301967326277036,1532.4666220816,98.0402539827421,6,7,6.5,144,0.727272727272727,26,"66"
1,3,28.11,2.641,27.07,27.6,0.0975618766161803,27.6,2.69270779460658,"2024-03-05","2023-10-26","2023-10-26",5,-34.08446,151.07002,"11-29",131,0.430189227501635,0.0205550213328746,-1.68708206815413,1370.33475552498,"Sydney Coastal DSF","SC","Long",2020,2001,NA,"High",NA,"Prescribed Burn","2022-10-07",14419.73,29.5918367346939,33.9310344827586,68,48,6,130.92,44,27,21,6,0.282913165266106,4.3565,0.267,51,3.8906,0.0874,1,5.39,0.331501662356853,0.0312246028814185,0.0237717029922423,"Long_High",29.1,46.5847776098027,2.6510314290261,6.78983020369192,1.571,17.572321889415,0.617,NA,NA,NA,19,NA,19,169,0.565217391304348,29,"12"
1,16,27.1,0.308,26.11,27.6,0.0117962466487936,27.6,0.325576407506702,"2024-03-05","2023-10-26","2023-10-26",5,-34.08446,151.07002,"11-29",131,-0.487347073257282,0.00248531608783742,-2.60461836891305,165.687739189162,"Sydney Coastal DSF","SC","Long",2020,2001,NA,"High",NA,"Prescribed Burn","2022-10-07",14419.73,29.5918367346939,33.9310344827586,68,48,6,130.92,44,27,21,6,0.282913165266106,4.3565,0.267,51,3.8906,0.0874,1,5.33,0.17958636537725,0.0096514745308311,0.027230945997702,"Long_High",29.1,46.5847776098027,2.6510314290261,6.78983020369192,1.571,17.572321889415,0.617,NA,NA,NA,19,NA,19,169,0.565217391304348,29,"28"
1,47,27.59,0.473,26.57,27.6,0.0178020323673316,27.6,0.491336093338352,"2024-03-05","2023-10-26","2023-10-26",5,-34.08446,151.07002,"11-29",131,-0.308621331607248,0.00375065720105612,-2.42589262726301,250.043813403741,"Sydney Coastal DSF","SC","Long",2020,2001,NA,"High",NA,"Prescribed Burn","2022-10-07",14419.73,29.5918367346939,33.9310344827586,68,48,6,130.92,44,27,21,6,0.282913165266106,4.3565,0.267,51,3.8906,0.0874,1,5.14,0.343780579601054,0.00948438088069251,0.00671810312382386,"Long_High",29.1,46.5847776098027,2.6510314290261,6.78983020369192,1.571,17.572321889415,0.617,NA,NA,NA,19,NA,19,169,0.565217391304348,29,"7"
2,3,14.11,0.647,13.14,27.6,0.0492389649923897,27.6,1.35899543378995,"2024-03-05","2023-10-26","2023-10-26",5,-34.08446,151.07002,"11-29",131,0.133217997510156,0.0103740109449615,-1.98405329814561,691.600729664099,"Sydney Coastal DSF","SC","Long",2020,2001,NA,"High",NA,"Prescribed Burn","2022-10-07",14419.73,29.5918367346939,33.7241379310345,68,48,6,104.3,38,9,9,0,0.805322128851541,5.3235,0.2765,37.5,2.674,0.0465,1,5.47,0.720091324200913,0.113299086757991,0.0689497716894977,"Long_High",29.2,45.4098149122807,4.30351067251463,6.73964546783626,0.342,10.5518072029659,NA,NA,NA,NA,19,NA,19,113,0.5,29,"6"
2,33,13.98,0.38,12.98,27.6,0.0292758089368259,27.6,0.808012326656394,"2024-03-05","2023-10-26","2023-10-26",5,-34.08446,151.07002,"11-29",131,-0.0925820137823226,0.00616803302791141,-2.20985330943809,411.202201860761,"Sydney Coastal DSF","SC","Long",2020,2001,NA,"High",NA,"Prescribed Burn","2022-10-07",14419.73,29.5918367346939,33.7241379310345,68,48,6,104.3,38,9,9,0,0.805322128851541,5.3235,0.2765,37.5,2.674,0.0465,1,5.62,0.289137134052388,0.00589368258859784,0.0420647149460709,"Long_High",29.2,45.4098149122807,4.30351067251463,6.73964546783626,0.342,10.5518072029659,NA,NA,NA,NA,19,NA,19,113,0.5,29,"10"
2,47,14.4,0.59,13.36,27.6,0.0441616766467066,27.6,1.2188622754491,"2024-03-05","2023-10-26","2023-10-26",5,-34.08446,151.07002,"11-29",131,0.0859546355678351,0.00930429217900078,-2.03131666008793,620.286145266719,"Sydney Coastal DSF","SC","Long",2020,2001,NA,"High",NA,"Prescribed Burn","2022-10-07",14419.73,29.5918367346939,33.7241379310345,68,48,6,104.3,38,9,9,0,0.805322128851541,5.3235,0.2765,37.5,2.674,0.0465,1,5.39,0.0188622754491018,0.0188622754491018,0.0577095808383234,"Long_High",29.2,45.4098149122807,4.30351067251463,6.73964546783626,0.342,10.5518072029659,NA,NA,NA,NA,19,NA,19,113,0.5,29,"9"
1,3,29.12,2.032,28.13,27.9825,0.0722360469249911,27.9825,2.02134518307856,"2024-03-06","2023-10-17","2023-10-17",6,-33.1823,150.69537,"12-31",141,0.30564048387921,0.0143357814402735,-1.84357862877617,955.7187626849,"Sydney Hinterland DSF","SH","Short",2019,2013,2006,"High",4,"Wildfire","2022-09-15",17264.47,35.7142857142857,11.8285714285714,78,32,2,91.54,26,34,19,22,1.87885154061625,2.2245,0.2015,58.7,3.4627,0.0585,1,5.61,0.329781372200498,0.00895840739424103,0.0394063277639531,"Short_High",31.1,42.9353645607375,4.43879351952278,6.02368383947939,0.922,9.67275552960471,2.027,0.0565182535767143,759.672527787146,78.5373439308035,6,7,6.5,109,0.698717948717949,31,"22"
1,16,27.95,1.098,26.94,27.9825,0.0407572383073497,27.9825,1.14048942093541,"2024-03-06","2023-10-17","2023-10-17",6,-33.1823,150.69537,"12-31",141,0.0570912611596355,0.00808857745344264,-2.09212785149574,539.238496896176,"Sydney Hinterland DSF","SH","Short",2019,2013,2006,"High",4,"Wildfire","2022-09-15",17264.47,35.7142857142857,11.8285714285714,78,32,2,91.54,26,34,19,22,1.87885154061625,2.2245,0.2015,58.7,3.4627,0.0585,1,5.61,0.29793986636971,0.00935412026726058,0.0353006681514477,"Short_High",31.1,42.9353645607375,4.43879351952278,6.02368383947939,0.922,9.67275552960471,2.027,0.0565182535767143,759.672527787146,78.5373439308035,6,7,6.5,109,0.698717948717949,31,"26"
1,33,27.58,1.235,26.57,27.9825,0.0464809936018065,27.9825,1.30065440346255,"2024-03-06","2023-10-17","2023-10-17",6,-33.1823,150.69537,"12-31",141,0.114161915617936,0.00922449931533724,-2.03505719703744,614.966621022483,"Sydney Hinterland DSF","SH","Short",2019,2013,2006,"High",4,"Wildfire","2022-09-15",17264.47,35.7142857142857,11.8285714285714,78,32,2,91.54,26,34,19,22,1.87885154061625,2.2245,0.2015,58.7,3.4627,0.0585,1,5.11,0.319279262325932,0.0647534813699661,0.0623259315016937,"Short_High",31.1,42.9353645607375,4.43879351952278,6.02368383947939,0.922,9.67275552960471,2.027,0.0565182535767143,759.672527787146,78.5373439308035,6,7,6.5,109,0.698717948717949,31,"5"
1,47,27.28,1.003,26.28,27.9825,0.0381659056316591,27.9825,1.0679774543379,"2024-03-06","2023-10-17","2023-10-17",6,-33.1823,150.69537,"12-31",141,0.0285620845652042,0.00757430818679361,-2.12065702809018,504.953879119574,"Sydney Hinterland DSF","SH","Short",2019,2013,2006,"High",4,"Wildfire","2022-09-15",17264.47,35.7142857142857,11.8285714285714,78,32,2,91.54,26,34,19,22,1.87885154061625,2.2245,0.2015,58.7,3.4627,0.0585,1,5.42,0.26509703196347,0.00958904109589041,0.0236301369863014,"Short_High",31.1,42.9353645607375,4.43879351952278,6.02368383947939,0.922,9.67275552960471,2.027,0.0565182535767143,759.672527787146,78.5373439308035,6,7,6.5,109,0.698717948717949,31,"23"
2,3,27.73,3.093,26.72,27.87125,0.115755988023952,27.87125,3.22626408121257,"2024-03-06","2023-10-17","2023-10-17",6,-33.1823,150.69537,"12-31",141,0.508699913058961,0.0228813055405147,-1.64051919959642,1525.42036936765,"Sydney Hinterland DSF","SH","Short",2019,2013,2006,"High",4,"Wildfire","2022-09-15",17264.47,14.2857142857143,9.85714285714286,48,22,2,62.5,14,33,19,24,3.30182072829132,3.5925,0.2235,61.6,3.0008,0.05969,1,5.08,0.143909056886228,0.0094311377245509,0.0268899700598802,"Short_High",31.2,45.5041745748299,3.65054175170068,5.85668735827664,1.764,12.4650470176463,2.072,0.0582082528957529,781.747816006862,62.7151919202687,6,7,6.5,116,0.682352941176471,31,"29"
2,16,27.1,1.054,26.1,27.87125,0.0403831417624521,27.87125,1.12552863984674,"2024-03-06","2023-10-17","2023-10-17",6,-33.1823,150.69537,"12-31",141,0.051356550397537,0.00798247262302655,-2.09786256225784,532.164841535103,"Sydney Hinterland DSF","SH","Short",2019,2013,2006,"High",4,"Wildfire","2022-09-15",17264.47,14.2857142857143,9.85714285714286,48,22,2,62.5,14,33,19,24,3.30182072829132,3.5925,0.2235,61.6,3.0008,0.05969,1,5.58,0.0096551724137931,0.0096551724137931,0.0347126436781609,"Short_High",31.2,45.5041745748299,3.65054175170068,5.85668735827664,1.764,12.4650470176463,2.072,0.0582082528957529,781.747816006862,62.7151919202687,6,7,6.5,116,0.682352941176471,31,"33"
2,33,28.24,0.619,27.24,27.87125,0.0227239353891336,27.87125,0.633344484214391,"2024-03-06","2023-10-17","2023-10-17",6,-33.1823,150.69537,"12-31",141,-0.198360007361339,0.00449180485258433,-2.34757912001672,299.453656838955,"Sydney Hinterland DSF","SH","Short",2019,2013,2006,"High",4,"Wildfire","2022-09-15",17264.47,14.2857142857143,9.85714285714286,48,22,2,62.5,14,33,19,24,3.30182072829132,3.5925,0.2235,61.6,3.0008,0.05969,1,5.4,0.198926211453745,0.0275055066079295,0.0640969162995595,"Short_High",31.2,45.5041745748299,3.65054175170068,5.85668735827664,1.764,12.4650470176463,2.072,0.0582082528957529,781.747816006862,62.7151919202687,6,7,6.5,116,0.682352941176471,31,"14"
2,47,28.415,2.944,27.4,27.87125,0.107445255474453,27.87125,2.99463357664234,"2024-03-06","2023-10-17","2023-10-17",6,-33.1823,150.69537,"12-31",141,0.476343689704363,0.0212385360045556,-1.67287542295102,1415.90240030371,"Sydney Hinterland DSF","SH","Short",2019,2013,2006,"High",4,"Wildfire","2022-09-15",17264.47,14.2857142857143,9.85714285714286,48,22,2,62.5,14,33,19,24,3.30182072829132,3.5925,0.2235,61.6,3.0008,0.05969,1,5.3,0.177098540145985,0.00919708029197081,0.0333394160583942,"Short_High",31.2,45.5041745748299,3.65054175170068,5.85668735827664,1.764,12.4650470176463,2.072,0.0582082528957529,781.747816006862,62.7151919202687,6,7,6.5,116,0.682352941176471,31,"4"
1,3,28.36,3.625,27.35,29.18,0.13254113345521,29.18,3.86755027422303,"2024-03-08","2023-09-28","2023-09-28",3,-33.44346,150.59972,"34-7",162,0.587435967794996,0.0238737671248336,-1.62207904674764,1591.5844749889,"Sydney Coastal DSF","SC","Short",2019,2013,2004,"Low",2,"Wildfire","2022-09-29",93095.19,39.7959183673469,12.8974358974359,32,16,2,42.76,12,49,48,6,1.34383753501401,3.3145,0.0895,NA,2.895,0.02581,1,4.83,0.0792504570383912,0.00921389396709324,0.0523217550274223,"Short_Low",34.1,49.2487812882393,3.59365967029232,6.82258055744391,1.471,13.7043531682657,1.99,0.0163643216080402,3009.52171851977,219.603339287017,6,9,7.5,69,0.704081632653061,34,"25"
1,16,33.49,0.748,32.5,29.18,0.0230153846153846,29.18,0.671588923076923,"2024-03-08","2023-09-28","2023-09-28",3,-33.44346,150.59972,"34-7",162,-0.17289647555698,0.0041456106362773,-2.38241149009961,276.374042418487,"Sydney Coastal DSF","SC","Short",2019,2013,2004,"Low",2,"Wildfire","2022-09-29",93095.19,39.7959183673469,12.8974358974359,32,16,2,42.76,12,49,48,6,1.34383753501401,3.3145,0.0895,NA,2.895,0.02581,1,4.83,0.0408,0.00775384615384615,0.0306461538461539,"Short_Low",34.1,49.2487812882393,3.59365967029232,6.82258055744391,1.471,13.7043531682657,1.99,0.0163643216080402,3009.52171851977,219.603339287017,6,9,7.5,69,0.704081632653061,34,"19"
1,33,27.3,1.143,26.32,29.18,0.0434270516717325,29.18,1.26720136778116,"2024-03-08","2023-09-28","2023-09-28",3,-33.44346,150.59972,"34-7",162,0.102845633010797,0.00782223066531577,-2.10666938153183,521.482044354385,"Sydney Coastal DSF","SC","Short",2019,2013,2004,"Low",2,"Wildfire","2022-09-29",93095.19,39.7959183673469,12.8974358974359,32,16,2,42.76,12,49,48,6,1.34383753501401,3.3145,0.0895,NA,2.895,0.02581,1,5.09,0.0306325987841945,0.0220839665653495,0.0503799392097265,"Short_Low",34.1,49.2487812882393,3.59365967029232,6.82258055744391,1.471,13.7043531682657,1.99,0.0163643216080402,3009.52171851977,219.603339287017,6,9,7.5,69,0.704081632653061,34,"21"
1,47,27.57,1.608,26.53,29.18,0.0606106294760648,29.18,1.76861816811157,"2024-03-08","2023-09-28","2023-09-28",3,-33.44346,150.59972,"34-7",162,0.247634081987536,0.0109173960994541,-1.96188093255509,727.826406630277,"Sydney Coastal DSF","SC","Short",2019,2013,2004,"Low",2,"Wildfire","2022-09-29",93095.19,39.7959183673469,12.8974358974359,32,16,2,42.76,12,49,48,6,1.34383753501401,3.3145,0.0895,NA,2.895,0.02581,1,4.71,0.0862796833773087,0.00949868073878628,0.0499811534112326,"Short_Low",34.1,49.2487812882393,3.59365967029232,6.82258055744391,1.471,13.7043531682657,1.99,0.0163643216080402,3009.52171851977,219.603339287017,6,9,7.5,69,0.704081632653061,34,"20"
2,3,27.57,1.069,26.56,27.13,0.0402484939759036,27.13,1.09194164156626,"2024-03-08","2023-09-28","2023-09-28",3,-33.44346,150.59972,"34-7",162,0.0381994282743942,0.00674038050349546,-2.17131558626824,449.358700233031,"Sydney Coastal DSF","SC","Short",2019,2013,2004,"Low",2,"Wildfire","2022-09-29",93095.19,44.8979591836735,16.75,64,32,4,57.62,26,48,48,0,0.407563025210084,10.5175,0.0775,36.8,2.7508,0.02699,1,5.05,0.2390625,0.0184393825301205,0.0259224397590361,"Short_Low",34.2,47.520238163482,4.20272205414013,6.38210894373673,1.884,11.3070142520297,1.923,0.0521723868954758,910.831207678611,80.5545290185788,6,9,7.5,88,0.807339449541284,34,"35"
2,16,26.95,1.977,25.95,27.13,0.0761849710982659,27.13,2.06689826589595,"2024-03-08","2023-09-28","2023-09-28",3,-33.44346,150.59972,"34-7",162,0.315319100890792,0.0127586312709627,-1.89419591365184,850.575418064179,"Sydney Coastal DSF","SC","Short",2019,2013,2004,"Low",2,"Wildfire","2022-09-29",93095.19,44.8979591836735,16.75,64,32,4,57.62,26,48,48,0,0.407563025210084,10.5175,0.0775,36.8,2.7508,0.02699,1,4.8,0.0258381502890173,0.00971098265895954,0.041849710982659,"Short_Low",34.2,47.520238163482,4.20272205414013,6.38210894373673,1.884,11.3070142520297,1.923,0.0521723868954758,910.831207678611,80.5545290185788,6,9,7.5,88,0.807339449541284,34,"15"
2,33,27.03,1.945,26.04,27.13,0.0746927803379416,27.13,2.02641513056836,"2024-03-08","2023-09-28","2023-09-28",3,-33.44346,150.59972,"34-7",162,0.306728419527168,0.0125087353738787,-1.90278659501546,833.915691591916,"Sydney Coastal DSF","SC","Short",2019,2013,2004,"Low",2,"Wildfire","2022-09-29",93095.19,44.8979591836735,16.75,64,32,4,57.62,26,48,48,0,0.407563025210084,10.5175,0.0775,36.8,2.7508,0.02699,1,4.6,0.266100230414747,0.00967741935483871,0.0538018433179724,"Short_Low",34.2,47.520238163482,4.20272205414013,6.38210894373673,1.884,11.3070142520297,1.923,0.0521723868954758,910.831207678611,80.5545290185788,6,9,7.5,88,0.807339449541284,34,"24"
2,47,26.97,1.171,25.93,27.13,0.045160046278442,27.13,1.22519205553413,"2024-03-08","2023-09-28","2023-09-28",3,-33.44346,150.59972,"34-7",162,0.0882041720646077,0.00756291392305019,-2.12131084247802,504.194261536679,"Sydney Coastal DSF","SC","Short",2019,2013,2004,"Low",2,"Wildfire","2022-09-29",93095.19,44.8979591836735,16.75,64,32,4,57.62,26,48,48,0,0.407563025210084,10.5175,0.0775,36.8,2.7508,0.02699,1,4.67,0.00971847281141535,0.00971847281141535,0.0375433860393367,"Short_Low",34.2,47.520238163482,4.20272205414013,6.38210894373673,1.884,11.3070142520297,1.923,0.0521723868954758,910.831207678611,80.5545290185788,6,9,7.5,88,0.807339449541284,34,"36"
1,3,16.45,0.401,15.44,28.435,0.0259715025906736,28.435,0.738499676165803,"2024-03-06","2023-10-17","2023-10-17",1,-33.26627,150.67812,"49-5",141,-0.131649690791349,0.00523758635578584,-2.28086880344673,349.172423719056,"Sydney Hinterland DSF","SH","Long",2019,2001,NA,"Low",2,"Wildfire","2022-10-14",23847.12,37.7551020408163,17.1621621621622,26,56,4,135.2,40,48,48,4,2,4.303,0.138,92.4,3.744,0.04254,1,5.04,0.830586139896373,0.0163212435233161,0.0907383419689119,"Long_Low",49.1,47.7530920130641,3.24335988717341,6.70613093824228,0.842,14.7233405093016,1.833,0.0221718494271686,2153.77125710358,146.282785196941,18,NA,18,79,0.622047244094488,49,"3"
1,16,28.46,2.421,27.44,28.435,0.0882288629737609,28.435,2.50878771865889,"2024-03-06","2023-10-17","2023-10-17",1,-33.26627,150.67812,"49-5",141,0.399463914995205,0.0177928206997085,-1.74975519766017,1186.18804664723,"Sydney Hinterland DSF","SH","Long",2019,2001,NA,"Low",2,"Wildfire","2022-10-14",23847.12,37.7551020408163,17.1621621621622,26,56,4,135.2,40,48,48,4,2,4.303,0.138,92.4,3.744,0.04254,1,5.06,0.157871720116618,0.0479409620991254,0.05625,"Long_Low",49.1,47.7530920130641,3.24335988717341,6.70613093824228,0.842,14.7233405093016,1.833,0.0221718494271686,2153.77125710358,146.282785196941,18,NA,18,79,0.622047244094488,49,"18"
1,33,28.41,1.319,27.4,28.435,0.0481386861313869,28.435,1.36882354014599,"2024-03-06","2023-10-17","2023-10-17",1,-33.26627,150.67812,"49-5",141,0.136347465314164,0.00970796836982968,-2.01287164734122,647.197891321979,"Sydney Hinterland DSF","SH","Long",2019,2001,NA,"Low",2,"Wildfire","2022-10-14",23847.12,37.7551020408163,17.1621621621622,26,56,4,135.2,40,48,48,4,2,4.303,0.138,92.4,3.744,0.04254,1,5.04,0.0705656934306569,0.00919708029197081,0.0368978102189781,"Long_Low",49.1,47.7530920130641,3.24335988717341,6.70613093824228,0.842,14.7233405093016,1.833,0.0221718494271686,2153.77125710358,146.282785196941,18,NA,18,79,0.622047244094488,49,"32"
1,47,12.24,0.28,11.19,28.435,0.0250223413762288,28.435,0.711510277033065,"2024-03-06","2023-10-17","2023-10-17",1,-33.26627,150.67812,"49-5",141,-0.147818822597944,0.00504617217753947,-2.29703793525332,336.411478502631,"Sydney Hinterland DSF","SH","Long",2019,2001,NA,"Low",2,"Wildfire","2022-10-14",23847.12,37.7551020408163,17.1621621621622,26,56,4,135.2,40,48,48,4,2,4.303,0.138,92.4,3.744,0.04254,1,5.1,0.702882037533512,0.315348525469169,0.0166219839142091,"Long_Low",49.1,47.7530920130641,3.24335988717341,6.70613093824228,0.842,14.7233405093016,1.833,0.0221718494271686,2153.77125710358,146.282785196941,18,NA,18,79,0.622047244094488,49,"39"
2,3,28.6,1.484,27.59,28.6,0.0537876042044219,28.6,1.53832548024647,"2024-03-06","2023-10-17","2023-10-17",1,-33.26627,150.67812,"49-5",141,0.187048233592866,0.010910109788982,-1.96217087906251,727.340652598802,"Sydney Hinterland DSF","SH","Long",2019,2001,NA,"Low",2,"Wildfire","2022-10-14",23847.12,37.7551020408163,19.3783783783784,58,64,12,175.74,58,46,46,8,1.91946778711485,5.2955,0.19,44.8,3.845,0.04942,1,4.78,0.379757158390721,0.0551014860456687,0.140213845596231,"Long_Low",49.2,51.1325640588235,4.74221205882353,6.91180117647059,1.7,10.7824288379691,NA,NA,NA,NA,18,NA,18,99,0.630573248407643,49,"16"
2,16,19.164,0.886,18.124,28.6,0.0488854557492827,28.6,1.39812403442949,"2024-03-06","2023-10-17","2023-10-17",1,-33.26627,150.67812,"49-5",141,0.145545701508946,0.00991577329382614,-2.00367341114643,661.051552921743,"Sydney Hinterland DSF","SH","Long",2019,2001,NA,"Low",2,"Wildfire","2022-10-14",23847.12,37.7551020408163,19.3783783783784,58,64,12,175.74,58,46,46,8,1.91946778711485,5.2955,0.19,44.8,3.845,0.04942,1,5.18,0.530636173030236,0.0139042154049879,0.0694383138380049,"Long_Low",49.2,51.1325640588235,4.74221205882353,6.91180117647059,1.7,10.7824288379691,NA,NA,NA,NA,18,NA,18,99,0.630573248407643,49,"31"
2,47,13.32,1.268,12.34,28.6,0.102755267423015,28.6,2.93880064829822,"2024-03-06","2023-10-17","2023-10-17",1,-33.26627,150.67812,"49-5",141,0.468170126977534,0.0208425577893491,-1.68104898567785,1389.50385262327,"Sydney Hinterland DSF","SH","Long",2019,2001,NA,"Low",2,"Wildfire","2022-10-14",23847.12,37.7551020408163,19.3783783783784,58,64,12,175.74,58,46,46,8,1.91946778711485,5.2955,0.19,44.8,3.845,0.04942,1,4.87,0.0204213938411669,0.199534035656402,0.170056726094003,"Long_Low",49.2,51.1325640588235,4.74221205882353,6.91180117647059,1.7,10.7824288379691,NA,NA,NA,NA,18,NA,18,99,0.630573248407643,49,"1"
1,3,28.23,1.261,27.23,26.505,0.0463092177745134,26.505,1.22742581711348,"2024-03-06","2023-10-17","2023-10-17",2,-32.79934,150.90987,"10-56",141,0.0889952537955623,0.00870514763910268,-2.06022385885982,580.343175940179,"Sydney Hinterland DSF","SH","Long",2019,2001,1990,"High",4,"Wildfire","2022-11-28",24156.21,26.530612244898,7.34615384615385,42,62,2,92.16,60,45,42,11,2.13865546218487,9.63,0.1985,128.9,4.2317,0.08606,1,5.01,0.383042600073448,0.20894234300404,0.0575100991553434,"Long_High",56.1,43.9139742075665,3.93797712167689,6.20597980572597,0.978,11.1514040967477,1.973,0.0322693867207299,1360.85555599841,122.034458099792,18,11,14.5,132,0.814814814814815,56,"2"
1,33,27.24,3.037,26.24,26.505,0.115739329268293,26.505,3.0676709222561,"2024-03-06","2023-10-17","2023-10-17",2,-32.79934,150.90987,"10-56",141,0.486808769777088,0.0217565313635184,-1.66241034287829,1450.43542423456,"Sydney Hinterland DSF","SH","Long",2019,2001,1990,"High",4,"Wildfire","2022-11-28",24156.21,26.530612244898,7.34615384615385,42,62,2,92.16,60,45,42,11,2.13865546218487,9.63,0.1985,128.9,4.2317,0.08606,1,4.9,0.617520960365854,0.00960365853658537,0.172008384146342,"Long_High",56.1,43.9139742075665,3.93797712167689,6.20597980572597,0.978,11.1514040967477,1.973,0.0322693867207299,1360.85555599841,122.034458099792,18,11,14.5,132,0.814814814814815,56,"34"
1,47,27.52,0.917,26.51,26.505,0.0345907204828367,26.505,0.916827046397586,"2024-03-06","2023-10-17","2023-10-17",2,-32.79934,150.90987,"10-56",141,-0.037712583500627,0.00650231947799706,-2.18693169615601,433.487965199804,"Sydney Hinterland DSF","SH","Long",2019,2001,1990,"High",4,"Wildfire","2022-11-28",24156.21,26.530612244898,7.34615384615385,42,62,2,92.16,60,45,42,11,2.13865546218487,9.63,0.1985,128.9,4.2317,0.08606,1,5.18,0.386712561297623,0.273943794794417,0.0602036967182195,"Long_High",56.1,43.9139742075665,3.93797712167689,6.20597980572597,0.978,11.1514040967477,1.973,0.0322693867207299,1360.85555599841,122.034458099792,18,11,14.5,132,0.814814814814815,56,"17"
2,3,26.512,1.378,25.472,26.536,0.0540986180904523,26.536,1.43556092964824,"2024-03-06","2023-10-17","2023-10-17",2,-32.79934,150.90987,"10-56",141,0.157021630025458,0.0101812831889946,-1.99219748262992,678.752212599641,"Sydney Hinterland DSF","SH","Long",2019,2001,1990,"High",4,"Wildfire","2022-11-28",24156.21,18.3673469387755,6.94736842105263,66,68,8,188.68,68,50,49,10,1.74509803921569,5.8875,0.245,98.9,5.185,0.12736,1,4.89,0.508676193467337,0.148722126256281,0.263171325376884,"Long_High",NA,NA,NA,NA,NA,NA,NA,NA,NA,NA,18,11,14.5,122,0.777070063694268,56,"60"
2,16,26.56,0.987,25.55,26.536,0.0386301369863014,26.536,1.02508931506849,"2024-03-06","2023-10-17","2023-10-17",2,-32.79934,150.90987,"10-56",141,0.0107617067103312,0.00727013698630137,-2.13845740594505,484.675799086758,"Sydney Hinterland DSF","SH","Long",2019,2001,1990,"High",4,"Wildfire","2022-11-28",24156.21,18.3673469387755,6.94736842105263,66,68,8,188.68,68,50,49,10,1.74509803921569,5.8875,0.245,98.9,5.185,0.12736,1,4.91,0.235185909980431,0.00986301369863014,0.102974559686888,"Long_High",NA,NA,NA,NA,NA,NA,NA,NA,NA,NA,18,11,14.5,122,0.777070063694268,56,"58"
2,33,25.683,0.327,24.649,26.536,0.0132662582660554,26.536,0.352033429348047,"2024-03-06","2023-10-17","2023-10-17",2,-32.79934,150.90987,"10-56",141,-0.453416093646755,0.00249669098828402,-2.60263520630214,166.446065885601,"Sydney Hinterland DSF","SH","Long",2019,2001,1990,"High",4,"Wildfire","2022-11-28",24156.21,18.3673469387755,6.94736842105263,66,68,8,188.68,68,50,49,10,1.74509803921569,5.8875,0.245,98.9,5.185,0.12736,1,5.01,2.42644732037811,0.20018053470729,0.10339161832123,"Long_High",NA,NA,NA,NA,NA,NA,NA,NA,NA,NA,18,11,14.5,122,0.777070063694268,56,"61"
2,47,27.629,0.434,26.685,26.536,0.0162638186246955,26.536,0.43157669102492,"2024-03-06","2023-10-17","2023-10-17",2,-32.79934,150.90987,"10-56",141,-0.36494201911567,0.00306082759592142,-2.51416113177105,204.055173061428,"Sydney Hinterland DSF","SH","Long",2019,2001,1990,"High",4,"Wildfire","2022-11-28",24156.21,18.3673469387755,6.94736842105263,66,68,8,188.68,68,50,49,10,1.74509803921569,5.8875,0.245,98.9,5.185,0.12736,1,5.08,0.814052838673412,0.175407532321529,0.056717256885891,"Long_High",NA,NA,NA,NA,NA,NA,NA,NA,NA,NA,18,11,14.5,122,0.777070063694268,56,"69"
